start,end,start_time,speed
CSMT,KASARA,04:15,S,CSMT,04:15
CSMT,KASARA,04:15,S,MASJID,04:18
CSMT,KASARA,04:15,S,SANDHURST ROAD,04:20
CSMT,KASARA,04:15,S,BYCULLA,04:23
CSMT,KASARA,04:15,S,CHINCHPOKLI,04:25
CSMT,KASARA,04:15,S,CURREY ROAD,04:27
CSMT,KASARA,04:15,S,PAREL,04:30
CSMT,KASARA,04:15,S,DADAR,04:33
CSMT,KASARA,04:15,S,MATUNGA,04:36
CSMT,KASARA,04:15,S,SION,04:39
CSMT,KASARA,04:15,S,KURLA,04:43
CSMT,KASARA,04:15,S,VIDYAVIHAR,04:46
CSMT,KASARA,04:15,S,GHATKOPAR,04:49
CSMT,KASARA,04:15,S,VIKHROLI,04:53
CSMT,KASARA,04:15,S,KANJUR MARG,04:56
CSMT,KASARA,04:15,S,BHANDUP,04:59
CSMT,KASARA,04:15,S,NAHUR,05:02
CSMT,KASARA,04:15,S,MULUND,05:05
CSMT,KASARA,04:15,S,THANE,05:10
CSMT,KASARA,04:15,S,KALVA,05:14
CSMT,KASARA,04:15,S,MUMBRA,05:20
CSMT,KASARA,04:15,S,DIVA JN,05:24
CSMT,KASARA,04:15,S,KOPAR,05:29
CSMT,KASARA,04:15,S,DOMBIVLI,05:32
CSMT,KASARA,04:15,S,THAKURLI,05:36
CSMT,KASARA,04:15,S,KALYAN,05:43
CSMT,KASARA,04:15,S,SHAHAD,05:47
CSMT,KASARA,04:15,S,AMBIVLI,05:50
CSMT,KASARA,04:15,S,TITWALA,05:56
CSMT,KASARA,04:15,S,KHADAVLI,06:03
CSMT,KASARA,04:15,S,VASIND,06:10
CSMT,KASARA,04:15,S,ASANGAON,06:19
CSMT,KASARA,04:15,S,ATGAON,06:28
CSMT,KASARA,04:15,S,THANSIT,06:32
CSMT,KASARA,04:15,S,KHARDI,06:38
CSMT,KASARA,04:15,S,UMBERMALI,06:43
CSMT,KASARA,04:15,S,KASARA,06:56
CSMT,KHOPOLI,04:24,S,CSMT,04:24
CSMT,KHOPOLI,04:24,S,MASJID,04:27
CSMT,KHOPOLI,04:24,S,SANDHURST ROAD,04:29
CSMT,KHOPOLI,04:24,S,BYCULLA,04:32
CSMT,KHOPOLI,04:24,S,CHINCHPOKLI,04:34
CSMT,KHOPOLI,04:24,S,CURREY ROAD,04:36
CSMT,KHOPOLI,04:24,S,PAREL,04:39
CSMT,KHOPOLI,04:24,S,DADAR,04:42
CSMT,KHOPOLI,04:24,S,MATUNGA,04:45
CSMT,KHOPOLI,04:24,S,SION,04:48
CSMT,KHOPOLI,04:24,S,KURLA,04:52
CSMT,KHOPOLI,04:24,S,VIDYAVIHAR,04:55
CSMT,KHOPOLI,04:24,S,GHATKOPAR,04:58
CSMT,KHOPOLI,04:24,S,VIKHROLI,05:02
CSMT,KHOPOLI,04:24,S,KANJUR MARG,05:05
CSMT,KHOPOLI,04:24,S,BHANDUP,05:08
CSMT,KHOPOLI,04:24,S,NAHUR,05:11
CSMT,KHOPOLI,04:24,S,MULUND,05:14
CSMT,KHOPOLI,04:24,S,THANE,05:19
CSMT,KHOPOLI,04:24,S,KALVA,05:23
CSMT,KHOPOLI,04:24,S,MUMBRA,05:29
CSMT,KHOPOLI,04:24,S,DIVA JN,05:33
CSMT,KHOPOLI,04:24,S,KOPAR,05:38
CSMT,KHOPOLI,04:24,S,DOMBIVLI,05:41
CSMT,KHOPOLI,04:24,S,THAKURLI,05:45
CSMT,KHOPOLI,04:24,S,KALYAN,05:52
CSMT,KHOPOLI,04:24,S,VITHALWADI,05:56
CSMT,KHOPOLI,04:24,S,ULHAS NAGAR,05:59
CSMT,KHOPOLI,04:24,S,AMBERNATH,06:03
CSMT,KHOPOLI,04:24,S,BADLAPUR,06:10
CSMT,KHOPOLI,04:24,S,VANGANI,06:19
CSMT,KHOPOLI,04:24,S,SHELU,06:23
CSMT,KHOPOLI,04:24,S,NERAL,06:27
CSMT,KHOPOLI,04:24,S,BHIVPURI ROAD,06:34
CSMT,KHOPOLI,04:24,S,KARJAT,06:43
CSMT,KHOPOLI,04:24,S,PALASDHARI,06:48
CSMT,KHOPOLI,04:24,S,KELAVLI,06:55
CSMT,KHOPOLI,04:24,S,DOLAVLI,06:58
CSMT,KHOPOLI,04:24,S,LOWJEE,07:02
CSMT,KHOPOLI,04:24,S,KHOPOLI,07:08
CSMT,KARJAT,04:48,S,CSMT,04:48
CSMT,KARJAT,04:48,S,MASJID,04:51
CSMT,KARJAT,04:48,S,SANDHURST ROAD,04:53
CSMT,KARJAT,04:48,S,BYCULLA,04:56
CSMT,KARJAT,04:48,S,CHINCHPOKLI,04:58
CSMT,KARJAT,04:48,S,CURREY ROAD,05:00
CSMT,KARJAT,04:48,S,PAREL,05:03
CSMT,KARJAT,04:48,S,DADAR,05:06
CSMT,KARJAT,04:48,S,MATUNGA,05:09
CSMT,KARJAT,04:48,S,SION,05:12
CSMT,KARJAT,04:48,S,KURLA,05:16
CSMT,KARJAT,04:48,S,VIDYAVIHAR,05:19
CSMT,KARJAT,04:48,S,GHATKOPAR,05:22
CSMT,KARJAT,04:48,S,VIKHROLI,05:26
CSMT,KARJAT,04:48,S,KANJUR MARG,05:29
CSMT,KARJAT,04:48,S,BHANDUP,05:32
CSMT,KARJAT,04:48,S,NAHUR,05:35
CSMT,KARJAT,04:48,S,MULUND,05:38
CSMT,KARJAT,04:48,S,THANE,05:43
CSMT,KARJAT,04:48,S,KALVA,05:47
CSMT,KARJAT,04:48,S,MUMBRA,05:53
CSMT,KARJAT,04:48,S,DIVA JN,05:57
CSMT,KARJAT,04:48,S,KOPAR,06:02
CSMT,KARJAT,04:48,S,DOMBIVLI,06:05
CSMT,KARJAT,04:48,S,THAKURLI,06:09
CSMT,KARJAT,04:48,S,KALYAN,06:16
CSMT,KARJAT,04:48,S,VITHALWADI,06:20
CSMT,KARJAT,04:48,S,ULHAS NAGAR,06:23
CSMT,KARJAT,04:48,S,AMBERNATH,06:27
CSMT,KARJAT,04:48,S,BADLAPUR,06:34
CSMT,KARJAT,04:48,S,VANGANI,06:43
CSMT,KARJAT,04:48,S,SHELU,06:47
CSMT,KARJAT,04:48,S,NERAL,06:51
CSMT,KARJAT,04:48,S,BHIVPURI ROAD,06:58
CSMT,KARJAT,04:48,S,KARJAT,07:07
CSMT,KASARA,05:00,S,CSMT,05:00
CSMT,KASARA,05:00,S,MASJID,05:03
CSMT,KASARA,05:00,S,SANDHURST ROAD,05:05
CSMT,KASARA,05:00,S,BYCULLA,05:08
CSMT,KASARA,05:00,S,CHINCHPOKLI,05:10
CSMT,KASARA,05:00,S,CURREY ROAD,05:12
CSMT,KASARA,05:00,S,PAREL,05:15
CSMT,KASARA,05:00,S,DADAR,05:18
CSMT,KASARA,05:00,S,MATUNGA,05:21
CSMT,KASARA,05:00,S,SION,05:24
CSMT,KASARA,05:00,S,KURLA,05:28
CSMT,KASARA,05:00,S,VIDYAVIHAR,05:31
CSMT,KASARA,05:00,S,GHATKOPAR,05:34
CSMT,KASARA,05:00,S,VIKHROLI,05:38
CSMT,KASARA,05:00,S,KANJUR MARG,05:41
CSMT,KASARA,05:00,S,BHANDUP,05:44
CSMT,KASARA,05:00,S,NAHUR,05:47
CSMT,KASARA,05:00,S,MULUND,05:50
CSMT,KASARA,05:00,S,THANE,05:55
CSMT,KASARA,05:00,S,KALVA,05:59
CSMT,KASARA,05:00,S,MUMBRA,06:05
CSMT,KASARA,05:00,S,DIVA JN,06:09
CSMT,KASARA,05:00,S,KOPAR,06:14
CSMT,KASARA,05:00,S,DOMBIVLI,06:17
CSMT,KASARA,05:00,S,THAKURLI,06:21
CSMT,KASARA,05:00,S,KALYAN,06:28
CSMT,KASARA,05:00,S,SHAHAD,06:32
CSMT,KASARA,05:00,S,AMBIVLI,06:35
CSMT,KASARA,05:00,S,TITWALA,06:41
CSMT,KASARA,05:00,S,KHADAVLI,06:48
CSMT,KASARA,05:00,S,VASIND,06:55
CSMT,KASARA,05:00,S,ASANGAON,07:04
CSMT,KASARA,05:00,S,ATGAON,07:13
CSMT,KASARA,05:00,S,THANSIT,07:17
CSMT,KASARA,05:00,S,KHARDI,07:23
CSMT,KASARA,05:00,S,UMBERMALI,07:28
CSMT,KASARA,05:00,S,KASARA,07:41
CSMT,ASANGAON,05:12,S,CSMT,05:12
CSMT,ASANGAON,05:12,S,MASJID,05:15
CSMT,ASANGAON,05:12,S,SANDHURST ROAD,05:17
CSMT,ASANGAON,05:12,S,BYCULLA,05:20
CSMT,ASANGAON,05:12,S,CHINCHPOKLI,05:22
CSMT,ASANGAON,05:12,S,CURREY ROAD,05:24
CSMT,ASANGAON,05:12,S,PAREL,05:27
CSMT,ASANGAON,05:12,S,DADAR,05:30
CSMT,ASANGAON,05:12,S,MATUNGA,05:33
CSMT,ASANGAON,05:12,S,SION,05:36
CSMT,ASANGAON,05:12,S,KURLA,05:40
CSMT,ASANGAON,05:12,S,VIDYAVIHAR,05:43
CSMT,ASANGAON,05:12,S,GHATKOPAR,05:46
CSMT,ASANGAON,05:12,S,VIKHROLI,05:50
CSMT,ASANGAON,05:12,S,KANJUR MARG,05:53
CSMT,ASANGAON,05:12,S,BHANDUP,05:56
CSMT,ASANGAON,05:12,S,NAHUR,05:59
CSMT,ASANGAON,05:12,S,MULUND,06:02
CSMT,ASANGAON,05:12,S,THANE,06:07
CSMT,ASANGAON,05:12,S,KALVA,06:11
CSMT,ASANGAON,05:12,S,MUMBRA,06:17
CSMT,ASANGAON,05:12,S,DIVA JN,06:21
CSMT,ASANGAON,05:12,S,KOPAR,06:26
CSMT,ASANGAON,05:12,S,DOMBIVLI,06:29
CSMT,ASANGAON,05:12,S,THAKURLI,06:33
CSMT,ASANGAON,05:12,S,KALYAN,06:40
CSMT,ASANGAON,05:12,S,SHAHAD,06:44
CSMT,ASANGAON,05:12,S,AMBIVLI,06:47
CSMT,ASANGAON,05:12,S,TITWALA,06:53
CSMT,ASANGAON,05:12,S,KHADAVLI,07:00
CSMT,ASANGAON,05:12,S,VASIND,07:07
CSMT,ASANGAON,05:12,S,ASANGAON,07:16
CSMT,KARJAT,05:20,S,CSMT,05:20
CSMT,KARJAT,05:20,S,MASJID,05:23
CSMT,KARJAT,05:20,S,SANDHURST ROAD,05:25
CSMT,KARJAT,05:20,S,BYCULLA,05:28
CSMT,KARJAT,05:20,S,CHINCHPOKLI,05:30
CSMT,KARJAT,05:20,S,CURREY ROAD,05:32
CSMT,KARJAT,05:20,S,PAREL,05:35
CSMT,KARJAT,05:20,S,DADAR,05:38
CSMT,KARJAT,05:20,S,MATUNGA,05:41
CSMT,KARJAT,05:20,S,SION,05:44
CSMT,KARJAT,05:20,S,KURLA,05:48
CSMT,KARJAT,05:20,S,VIDYAVIHAR,05:51
CSMT,KARJAT,05:20,S,GHATKOPAR,05:54
CSMT,KARJAT,05:20,S,VIKHROLI,05:58
CSMT,KARJAT,05:20,S,KANJUR MARG,06:01
CSMT,KARJAT,05:20,S,BHANDUP,06:04
CSMT,KARJAT,05:20,S,NAHUR,06:07
CSMT,KARJAT,05:20,S,MULUND,06:10
CSMT,KARJAT,05:20,S,THANE,06:15
CSMT,KARJAT,05:20,S,KALVA,06:19
CSMT,KARJAT,05:20,S,MUMBRA,06:25
CSMT,KARJAT,05:20,S,DIVA JN,06:29
CSMT,KARJAT,05:20,S,KOPAR,06:34
CSMT,KARJAT,05:20,S,DOMBIVLI,06:37
CSMT,KARJAT,05:20,S,THAKURLI,06:41
CSMT,KARJAT,05:20,S,KALYAN,06:48
CSMT,KARJAT,05:20,S,VITHALWADI,06:52
CSMT,KARJAT,05:20,S,ULHAS NAGAR,06:55
CSMT,KARJAT,05:20,S,AMBERNATH,06:59
CSMT,KARJAT,05:20,S,BADLAPUR,07:06
CSMT,KARJAT,05:20,S,VANGANI,07:15
CSMT,KARJAT,05:20,S,SHELU,07:19
CSMT,KARJAT,05:20,S,NERAL,07:23
CSMT,KARJAT,05:20,S,BHIVPURI ROAD,07:30
CSMT,KARJAT,05:20,S,KARJAT,07:39
CSMT,AMBERNATH,05:24,S,CSMT,05:24
CSMT,AMBERNATH,05:24,S,MASJID,05:27
CSMT,AMBERNATH,05:24,S,SANDHURST ROAD,05:29
CSMT,AMBERNATH,05:24,S,BYCULLA,05:32
CSMT,AMBERNATH,05:24,S,CHINCHPOKLI,05:34
CSMT,AMBERNATH,05:24,S,CURREY ROAD,05:36
CSMT,AMBERNATH,05:24,S,PAREL,05:39
CSMT,AMBERNATH,05:24,S,DADAR,05:42
CSMT,AMBERNATH,05:24,S,MATUNGA,05:45
CSMT,AMBERNATH,05:24,S,SION,05:48
CSMT,AMBERNATH,05:24,S,KURLA,05:52
CSMT,AMBERNATH,05:24,S,VIDYAVIHAR,05:55
CSMT,AMBERNATH,05:24,S,GHATKOPAR,05:58
CSMT,AMBERNATH,05:24,S,VIKHROLI,06:02
CSMT,AMBERNATH,05:24,S,KANJUR MARG,06:05
CSMT,AMBERNATH,05:24,S,BHANDUP,06:08
CSMT,AMBERNATH,05:24,S,NAHUR,06:11
CSMT,AMBERNATH,05:24,S,MULUND,06:14
CSMT,AMBERNATH,05:24,S,THANE,06:19
CSMT,AMBERNATH,05:24,S,KALVA,06:23
CSMT,AMBERNATH,05:24,S,MUMBRA,06:29
CSMT,AMBERNATH,05:24,S,DIVA JN,06:33
CSMT,AMBERNATH,05:24,S,KOPAR,06:38
CSMT,AMBERNATH,05:24,S,DOMBIVLI,06:41
CSMT,AMBERNATH,05:24,S,THAKURLI,06:45
CSMT,AMBERNATH,05:24,S,KALYAN,06:52
CSMT,AMBERNATH,05:24,S,VITHALWADI,06:56
CSMT,AMBERNATH,05:24,S,ULHAS NAGAR,06:59
CSMT,AMBERNATH,05:24,S,AMBERNATH,07:03
CSMT,TITWALA,05:28,S,CSMT,05:28
CSMT,TITWALA,05:28,S,MASJID,05:31
CSMT,TITWALA,05:28,S,SANDHURST ROAD,05:33
CSMT,TITWALA,05:28,S,BYCULLA,05:36
CSMT,TITWALA,05:28,S,CHINCHPOKLI,05:38
CSMT,TITWALA,05:28,S,CURREY ROAD,05:40
CSMT,TITWALA,05:28,S,PAREL,05:43
CSMT,TITWALA,05:28,S,DADAR,05:46
CSMT,TITWALA,05:28,S,MATUNGA,05:49
CSMT,TITWALA,05:28,S,SION,05:52
CSMT,TITWALA,05:28,S,KURLA,05:56
CSMT,TITWALA,05:28,S,VIDYAVIHAR,05:59
CSMT,TITWALA,05:28,S,GHATKOPAR,06:02
CSMT,TITWALA,05:28,S,VIKHROLI,06:06
CSMT,TITWALA,05:28,S,KANJUR MARG,06:09
CSMT,TITWALA,05:28,S,BHANDUP,06:12
CSMT,TITWALA,05:28,S,NAHUR,06:15
CSMT,TITWALA,05:28,S,MULUND,06:18
CSMT,TITWALA,05:28,S,THANE,06:23
CSMT,TITWALA,05:28,S,KALVA,06:27
CSMT,TITWALA,05:28,S,MUMBRA,06:33
CSMT,TITWALA,05:28,S,DIVA JN,06:37
CSMT,TITWALA,05:28,S,KOPAR,06:42
CSMT,TITWALA,05:28,S,DOMBIVLI,06:45
CSMT,TITWALA,05:28,S,THAKURLI,06:49
CSMT,TITWALA,05:28,S,KALYAN,06:56
CSMT,TITWALA,05:28,S,SHAHAD,07:00
CSMT,TITWALA,05:28,S,AMBIVLI,07:03
CSMT,TITWALA,05:28,S,TITWALA,07:09
CSMT,AMBERNATH,05:40,S,CSMT,05:40
CSMT,AMBERNATH,05:40,S,MASJID,05:43
CSMT,AMBERNATH,05:40,S,SANDHURST ROAD,05:45
CSMT,AMBERNATH,05:40,S,BYCULLA,05:48
CSMT,AMBERNATH,05:40,S,CHINCHPOKLI,05:50
CSMT,AMBERNATH,05:40,S,CURREY ROAD,05:52
CSMT,AMBERNATH,05:40,S,PAREL,05:55
CSMT,AMBERNATH,05:40,S,DADAR,05:58
CSMT,AMBERNATH,05:40,S,MATUNGA,06:01
CSMT,AMBERNATH,05:40,S,SION,06:04
CSMT,AMBERNATH,05:40,S,KURLA,06:08
CSMT,AMBERNATH,05:40,S,VIDYAVIHAR,06:11
CSMT,AMBERNATH,05:40,S,GHATKOPAR,06:14
CSMT,AMBERNATH,05:40,S,VIKHROLI,06:18
CSMT,AMBERNATH,05:40,S,KANJUR MARG,06:21
CSMT,AMBERNATH,05:40,S,BHANDUP,06:24
CSMT,AMBERNATH,05:40,S,NAHUR,06:27
CSMT,AMBERNATH,05:40,S,MULUND,06:30
CSMT,AMBERNATH,05:40,S,THANE,06:35
CSMT,AMBERNATH,05:40,S,KALVA,06:39
CSMT,AMBERNATH,05:40,S,MUMBRA,06:45
CSMT,AMBERNATH,05:40,S,DIVA JN,06:49
CSMT,AMBERNATH,05:40,S,KOPAR,06:54
CSMT,AMBERNATH,05:40,S,DOMBIVLI,06:57
CSMT,AMBERNATH,05:40,S,THAKURLI,07:01
CSMT,AMBERNATH,05:40,S,KALYAN,07:08
CSMT,AMBERNATH,05:40,S,VITHALWADI,07:12
CSMT,AMBERNATH,05:40,S,ULHAS NAGAR,07:15
CSMT,AMBERNATH,05:40,S,AMBERNATH,07:19
CSMT,TITWALA,05:52,S,CSMT,05:52
CSMT,TITWALA,05:52,S,MASJID,05:55
CSMT,TITWALA,05:52,S,SANDHURST ROAD,05:57
CSMT,TITWALA,05:52,S,BYCULLA,06:00
CSMT,TITWALA,05:52,S,CHINCHPOKLI,06:02
CSMT,TITWALA,05:52,S,CURREY ROAD,06:04
CSMT,TITWALA,05:52,S,PAREL,06:07
CSMT,TITWALA,05:52,S,DADAR,06:10
CSMT,TITWALA,05:52,S,MATUNGA,06:13
CSMT,TITWALA,05:52,S,SION,06:16
CSMT,TITWALA,05:52,S,KURLA,06:20
CSMT,TITWALA,05:52,S,VIDYAVIHAR,06:23
CSMT,TITWALA,05:52,S,GHATKOPAR,06:26
CSMT,TITWALA,05:52,S,VIKHROLI,06:30
CSMT,TITWALA,05:52,S,KANJUR MARG,06:33
CSMT,TITWALA,05:52,S,BHANDUP,06:36
CSMT,TITWALA,05:52,S,NAHUR,06:39
CSMT,TITWALA,05:52,S,MULUND,06:42
CSMT,TITWALA,05:52,S,THANE,06:47
CSMT,TITWALA,05:52,S,KALVA,06:51
CSMT,TITWALA,05:52,S,MUMBRA,06:57
CSMT,TITWALA,05:52,S,DIVA JN,07:01
CSMT,TITWALA,05:52,S,KOPAR,07:06
CSMT,TITWALA,05:52,S,DOMBIVLI,07:09
CSMT,TITWALA,05:52,S,THAKURLI,07:13
CSMT,TITWALA,05:52,S,KALYAN,07:20
CSMT,TITWALA,05:52,S,SHAHAD,07:24
CSMT,TITWALA,05:52,S,AMBIVLI,07:27
CSMT,TITWALA,05:52,S,TITWALA,07:33
CSMT,ASANGAON,06:02,S,CSMT,06:02
CSMT,ASANGAON,06:02,S,MASJID,06:05
CSMT,ASANGAON,06:02,S,SANDHURST ROAD,06:07
CSMT,ASANGAON,06:02,S,BYCULLA,06:10
CSMT,ASANGAON,06:02,S,CHINCHPOKLI,06:12
CSMT,ASANGAON,06:02,S,CURREY ROAD,06:14
CSMT,ASANGAON,06:02,S,PAREL,06:17
CSMT,ASANGAON,06:02,S,DADAR,06:20
CSMT,ASANGAON,06:02,S,MATUNGA,06:23
CSMT,ASANGAON,06:02,S,SION,06:26
CSMT,ASANGAON,06:02,S,KURLA,06:30
CSMT,ASANGAON,06:02,S,VIDYAVIHAR,06:33
CSMT,ASANGAON,06:02,S,GHATKOPAR,06:36
CSMT,ASANGAON,06:02,S,VIKHROLI,06:40
CSMT,ASANGAON,06:02,S,KANJUR MARG,06:43
CSMT,ASANGAON,06:02,S,BHANDUP,06:46
CSMT,ASANGAON,06:02,S,NAHUR,06:49
CSMT,ASANGAON,06:02,S,MULUND,06:52
CSMT,ASANGAON,06:02,S,THANE,06:57
CSMT,ASANGAON,06:02,S,KALVA,07:01
CSMT,ASANGAON,06:02,S,MUMBRA,07:07
CSMT,ASANGAON,06:02,S,DIVA JN,07:11
CSMT,ASANGAON,06:02,S,KOPAR,07:16
CSMT,ASANGAON,06:02,S,DOMBIVLI,07:19
CSMT,ASANGAON,06:02,S,THAKURLI,07:23
CSMT,ASANGAON,06:02,S,KALYAN,07:30
CSMT,ASANGAON,06:02,S,SHAHAD,07:34
CSMT,ASANGAON,06:02,S,AMBIVLI,07:37
CSMT,ASANGAON,06:02,S,TITWALA,07:43
CSMT,ASANGAON,06:02,S,KHADAVLI,07:50
CSMT,ASANGAON,06:02,S,VASIND,07:57
CSMT,ASANGAON,06:02,S,ASANGAON,08:06
CSMT,KALYAN,06:10,S,CSMT,06:10
CSMT,KALYAN,06:10,S,MASJID,06:13
CSMT,KALYAN,06:10,S,SANDHURST ROAD,06:15
CSMT,KALYAN,06:10,S,BYCULLA,06:18
CSMT,KALYAN,06:10,S,CHINCHPOKLI,06:20
CSMT,KALYAN,06:10,S,CURREY ROAD,06:22
CSMT,KALYAN,06:10,S,PAREL,06:25
CSMT,KALYAN,06:10,S,DADAR,06:28
CSMT,KALYAN,06:10,S,MATUNGA,06:31
CSMT,KALYAN,06:10,S,SION,06:34
CSMT,KALYAN,06:10,S,KURLA,06:38
CSMT,KALYAN,06:10,S,VIDYAVIHAR,06:41
CSMT,KALYAN,06:10,S,GHATKOPAR,06:44
CSMT,KALYAN,06:10,S,VIKHROLI,06:48
CSMT,KALYAN,06:10,S,KANJUR MARG,06:51
CSMT,KALYAN,06:10,S,BHANDUP,06:54
CSMT,KALYAN,06:10,S,NAHUR,06:57
CSMT,KALYAN,06:10,S,MULUND,07:00
CSMT,KALYAN,06:10,S,THANE,07:05
CSMT,KALYAN,06:10,S,KALVA,07:09
CSMT,KALYAN,06:10,S,MUMBRA,07:15
CSMT,KALYAN,06:10,S,DIVA JN,07:19
CSMT,KALYAN,06:10,S,KOPAR,07:24
CSMT,KALYAN,06:10,S,DOMBIVLI,07:27
CSMT,KALYAN,06:10,S,THAKURLI,07:31
CSMT,KALYAN,06:10,S,KALYAN,07:38
CSMT,AMBERNATH,06:20,S,CSMT,06:20
CSMT,AMBERNATH,06:20,S,MASJID,06:23
CSMT,AMBERNATH,06:20,S,SANDHURST ROAD,06:25
CSMT,AMBERNATH,06:20,S,BYCULLA,06:28
CSMT,AMBERNATH,06:20,S,CHINCHPOKLI,06:30
CSMT,AMBERNATH,06:20,S,CURREY ROAD,06:32
CSMT,AMBERNATH,06:20,S,PAREL,06:35
CSMT,AMBERNATH,06:20,S,DADAR,06:38
CSMT,AMBERNATH,06:20,S,MATUNGA,06:41
CSMT,AMBERNATH,06:20,S,SION,06:44
CSMT,AMBERNATH,06:20,S,KURLA,06:48
CSMT,AMBERNATH,06:20,S,VIDYAVIHAR,06:51
CSMT,AMBERNATH,06:20,S,GHATKOPAR,06:54
CSMT,AMBERNATH,06:20,S,VIKHROLI,06:58
CSMT,AMBERNATH,06:20,S,KANJUR MARG,07:01
CSMT,AMBERNATH,06:20,S,BHANDUP,07:04
CSMT,AMBERNATH,06:20,S,NAHUR,07:07
CSMT,AMBERNATH,06:20,S,MULUND,07:10
CSMT,AMBERNATH,06:20,S,THANE,07:15
CSMT,AMBERNATH,06:20,S,KALVA,07:19
CSMT,AMBERNATH,06:20,S,MUMBRA,07:25
CSMT,AMBERNATH,06:20,S,DIVA JN,07:29
CSMT,AMBERNATH,06:20,S,KOPAR,07:34
CSMT,AMBERNATH,06:20,S,DOMBIVLI,07:37
CSMT,AMBERNATH,06:20,S,THAKURLI,07:41
CSMT,AMBERNATH,06:20,S,KALYAN,07:48
CSMT,AMBERNATH,06:20,S,VITHALWADI,07:52
CSMT,AMBERNATH,06:20,S,ULHAS NAGAR,07:55
CSMT,AMBERNATH,06:20,S,AMBERNATH,07:59
CSMT,DOMBIVLI,06:23,S,CSMT,06:23
CSMT,DOMBIVLI,06:23,S,MASJID,06:26
CSMT,DOMBIVLI,06:23,S,SANDHURST ROAD,06:28
CSMT,DOMBIVLI,06:23,S,BYCULLA,06:31
CSMT,DOMBIVLI,06:23,S,CHINCHPOKLI,06:33
CSMT,DOMBIVLI,06:23,S,CURREY ROAD,06:35
CSMT,DOMBIVLI,06:23,S,PAREL,06:38
CSMT,DOMBIVLI,06:23,S,DADAR,06:41
CSMT,DOMBIVLI,06:23,S,MATUNGA,06:44
CSMT,DOMBIVLI,06:23,S,SION,06:47
CSMT,DOMBIVLI,06:23,S,KURLA,06:51
CSMT,DOMBIVLI,06:23,S,VIDYAVIHAR,06:54
CSMT,DOMBIVLI,06:23,S,GHATKOPAR,06:57
CSMT,DOMBIVLI,06:23,S,VIKHROLI,07:01
CSMT,DOMBIVLI,06:23,S,KANJUR MARG,07:04
CSMT,DOMBIVLI,06:23,S,BHANDUP,07:07
CSMT,DOMBIVLI,06:23,S,NAHUR,07:10
CSMT,DOMBIVLI,06:23,S,MULUND,07:13
CSMT,DOMBIVLI,06:23,S,THANE,07:18
CSMT,DOMBIVLI,06:23,S,KALVA,07:22
CSMT,DOMBIVLI,06:23,S,MUMBRA,07:28
CSMT,DOMBIVLI,06:23,S,DIVA JN,07:32
CSMT,DOMBIVLI,06:23,S,KOPAR,07:37
CSMT,DOMBIVLI,06:23,S,DOMBIVLI,07:40
CSMT,TITWALA,06:30,S,CSMT,06:30
CSMT,TITWALA,06:30,S,MASJID,06:33
CSMT,TITWALA,06:30,S,SANDHURST ROAD,06:35
CSMT,TITWALA,06:30,S,BYCULLA,06:38
CSMT,TITWALA,06:30,S,CHINCHPOKLI,06:40
CSMT,TITWALA,06:30,S,CURREY ROAD,06:42
CSMT,TITWALA,06:30,S,PAREL,06:45
CSMT,TITWALA,06:30,S,DADAR,06:48
CSMT,TITWALA,06:30,S,MATUNGA,06:51
CSMT,TITWALA,06:30,S,SION,06:54
CSMT,TITWALA,06:30,S,KURLA,06:58
CSMT,TITWALA,06:30,S,VIDYAVIHAR,07:01
CSMT,TITWALA,06:30,S,GHATKOPAR,07:04
CSMT,TITWALA,06:30,S,VIKHROLI,07:08
CSMT,TITWALA,06:30,S,KANJUR MARG,07:11
CSMT,TITWALA,06:30,S,BHANDUP,07:14
CSMT,TITWALA,06:30,S,NAHUR,07:17
CSMT,TITWALA,06:30,S,MULUND,07:20
CSMT,TITWALA,06:30,S,THANE,07:25
CSMT,TITWALA,06:30,S,KALVA,07:29
CSMT,TITWALA,06:30,S,MUMBRA,07:35
CSMT,TITWALA,06:30,S,DIVA JN,07:39
CSMT,TITWALA,06:30,S,KOPAR,07:44
CSMT,TITWALA,06:30,S,DOMBIVLI,07:47
CSMT,TITWALA,06:30,S,THAKURLI,07:51
CSMT,TITWALA,06:30,S,KALYAN,07:58
CSMT,TITWALA,06:30,S,SHAHAD,08:02
CSMT,TITWALA,06:30,S,AMBIVLI,08:05
CSMT,TITWALA,06:30,S,TITWALA,08:11
CSMT,DOMBIVLI,06:33,S,CSMT,06:33
CSMT,DOMBIVLI,06:33,S,MASJID,06:36
CSMT,DOMBIVLI,06:33,S,SANDHURST ROAD,06:38
CSMT,DOMBIVLI,06:33,S,BYCULLA,06:41
CSMT,DOMBIVLI,06:33,S,CHINCHPOKLI,06:43
CSMT,DOMBIVLI,06:33,S,CURREY ROAD,06:45
CSMT,DOMBIVLI,06:33,S,PAREL,06:48
CSMT,DOMBIVLI,06:33,S,DADAR,06:51
CSMT,DOMBIVLI,06:33,S,MATUNGA,06:54
CSMT,DOMBIVLI,06:33,S,SION,06:57
CSMT,DOMBIVLI,06:33,S,KURLA,07:01
CSMT,DOMBIVLI,06:33,S,VIDYAVIHAR,07:04
CSMT,DOMBIVLI,06:33,S,GHATKOPAR,07:07
CSMT,DOMBIVLI,06:33,S,VIKHROLI,07:11
CSMT,DOMBIVLI,06:33,S,KANJUR MARG,07:14
CSMT,DOMBIVLI,06:33,S,BHANDUP,07:17
CSMT,DOMBIVLI,06:33,S,NAHUR,07:20
CSMT,DOMBIVLI,06:33,S,MULUND,07:23
CSMT,DOMBIVLI,06:33,S,THANE,07:28
CSMT,DOMBIVLI,06:33,S,KALVA,07:32
CSMT,DOMBIVLI,06:33,S,MUMBRA,07:38
CSMT,DOMBIVLI,06:33,S,DIVA JN,07:42
CSMT,DOMBIVLI,06:33,S,KOPAR,07:47
CSMT,DOMBIVLI,06:33,S,DOMBIVLI,07:50
CSMT,THANE,06:37,S,CSMT,06:37
CSMT,THANE,06:37,S,MASJID,06:40
CSMT,THANE,06:37,S,SANDHURST ROAD,06:42
CSMT,THANE,06:37,S,BYCULLA,06:45
CSMT,THANE,06:37,S,CHINCHPOKLI,06:47
CSMT,THANE,06:37,S,CURREY ROAD,06:49
CSMT,THANE,06:37,S,PAREL,06:52
CSMT,THANE,06:37,S,DADAR,06:55
CSMT,THANE,06:37,S,MATUNGA,06:58
CSMT,THANE,06:37,S,SION,07:01
CSMT,THANE,06:37,S,KURLA,07:05
CSMT,THANE,06:37,S,VIDYAVIHAR,07:08
CSMT,THANE,06:37,S,GHATKOPAR,07:11
CSMT,THANE,06:37,S,VIKHROLI,07:15
CSMT,THANE,06:37,S,KANJUR MARG,07:18
CSMT,THANE,06:37,S,BHANDUP,07:21
CSMT,THANE,06:37,S,NAHUR,07:24
CSMT,THANE,06:37,S,MULUND,07:27
CSMT,THANE,06:37,S,THANE,07:32
CSMT,KALYAN,06:41,S,CSMT,06:41
CSMT,KALYAN,06:41,S,MASJID,06:44
CSMT,KALYAN,06:41,S,SANDHURST ROAD,06:46
CSMT,KALYAN,06:41,S,BYCULLA,06:49
CSMT,KALYAN,06:41,S,CHINCHPOKLI,06:51
CSMT,KALYAN,06:41,S,CURREY ROAD,06:53
CSMT,KALYAN,06:41,S,PAREL,06:56
CSMT,KALYAN,06:41,S,DADAR,06:59
CSMT,KALYAN,06:41,S,MATUNGA,07:02
CSMT,KALYAN,06:41,S,SION,07:05
CSMT,KALYAN,06:41,S,KURLA,07:09
CSMT,KALYAN,06:41,S,VIDYAVIHAR,07:12
CSMT,KALYAN,06:41,S,GHATKOPAR,07:15
CSMT,KALYAN,06:41,S,VIKHROLI,07:19
CSMT,KALYAN,06:41,S,KANJUR MARG,07:22
CSMT,KALYAN,06:41,S,BHANDUP,07:25
CSMT,KALYAN,06:41,S,NAHUR,07:28
CSMT,KALYAN,06:41,S,MULUND,07:31
CSMT,KALYAN,06:41,S,THANE,07:36
CSMT,KALYAN,06:41,S,KALVA,07:40
CSMT,KALYAN,06:41,S,MUMBRA,07:46
CSMT,KALYAN,06:41,S,DIVA JN,07:50
CSMT,KALYAN,06:41,S,KOPAR,07:55
CSMT,KALYAN,06:41,S,DOMBIVLI,07:58
CSMT,KALYAN,06:41,S,THAKURLI,08:02
CSMT,KALYAN,06:41,S,KALYAN,08:09
CSMT,THANE,06:48,S,CSMT,06:48
CSMT,THANE,06:48,S,MASJID,06:51
CSMT,THANE,06:48,S,SANDHURST ROAD,06:53
CSMT,THANE,06:48,S,BYCULLA,06:56
CSMT,THANE,06:48,S,CHINCHPOKLI,06:58
CSMT,THANE,06:48,S,CURREY ROAD,07:00
CSMT,THANE,06:48,S,PAREL,07:03
CSMT,THANE,06:48,S,DADAR,07:06
CSMT,THANE,06:48,S,MATUNGA,07:09
CSMT,THANE,06:48,S,SION,07:12
CSMT,THANE,06:48,S,KURLA,07:16
CSMT,THANE,06:48,S,VIDYAVIHAR,07:19
CSMT,THANE,06:48,S,GHATKOPAR,07:22
CSMT,THANE,06:48,S,VIKHROLI,07:26
CSMT,THANE,06:48,S,KANJUR MARG,07:29
CSMT,THANE,06:48,S,BHANDUP,07:32
CSMT,THANE,06:48,S,NAHUR,07:35
CSMT,THANE,06:48,S,MULUND,07:38
CSMT,THANE,06:48,S,THANE,07:43
CSMT,AMBERNATH,06:52,S,CSMT,06:52
CSMT,AMBERNATH,06:52,S,MASJID,06:55
CSMT,AMBERNATH,06:52,S,SANDHURST ROAD,06:57
CSMT,AMBERNATH,06:52,S,BYCULLA,07:00
CSMT,AMBERNATH,06:52,S,CHINCHPOKLI,07:02
CSMT,AMBERNATH,06:52,S,CURREY ROAD,07:04
CSMT,AMBERNATH,06:52,S,PAREL,07:07
CSMT,AMBERNATH,06:52,S,DADAR,07:10
CSMT,AMBERNATH,06:52,S,MATUNGA,07:13
CSMT,AMBERNATH,06:52,S,SION,07:16
CSMT,AMBERNATH,06:52,S,KURLA,07:20
CSMT,AMBERNATH,06:52,S,VIDYAVIHAR,07:23
CSMT,AMBERNATH,06:52,S,GHATKOPAR,07:26
CSMT,AMBERNATH,06:52,S,VIKHROLI,07:30
CSMT,AMBERNATH,06:52,S,KANJUR MARG,07:33
CSMT,AMBERNATH,06:52,S,BHANDUP,07:36
CSMT,AMBERNATH,06:52,S,NAHUR,07:39
CSMT,AMBERNATH,06:52,S,MULUND,07:42
CSMT,AMBERNATH,06:52,S,THANE,07:47
CSMT,AMBERNATH,06:52,S,KALVA,07:51
CSMT,AMBERNATH,06:52,S,MUMBRA,07:57
CSMT,AMBERNATH,06:52,S,DIVA JN,08:01
CSMT,AMBERNATH,06:52,S,KOPAR,08:06
CSMT,AMBERNATH,06:52,S,DOMBIVLI,08:09
CSMT,AMBERNATH,06:52,S,THAKURLI,08:13
CSMT,AMBERNATH,06:52,S,KALYAN,08:20
CSMT,AMBERNATH,06:52,S,VITHALWADI,08:24
CSMT,AMBERNATH,06:52,S,ULHAS NAGAR,08:27
CSMT,AMBERNATH,06:52,S,AMBERNATH,08:31
CSMT,TITWALA,07:00,S,CSMT,07:00
CSMT,TITWALA,07:00,S,MASJID,07:03
CSMT,TITWALA,07:00,S,SANDHURST ROAD,07:05
CSMT,TITWALA,07:00,S,BYCULLA,07:08
CSMT,TITWALA,07:00,S,CHINCHPOKLI,07:10
CSMT,TITWALA,07:00,S,CURREY ROAD,07:12
CSMT,TITWALA,07:00,S,PAREL,07:15
CSMT,TITWALA,07:00,S,DADAR,07:18
CSMT,TITWALA,07:00,S,MATUNGA,07:21
CSMT,TITWALA,07:00,S,SION,07:24
CSMT,TITWALA,07:00,S,KURLA,07:28
CSMT,TITWALA,07:00,S,VIDYAVIHAR,07:31
CSMT,TITWALA,07:00,S,GHATKOPAR,07:34
CSMT,TITWALA,07:00,S,VIKHROLI,07:38
CSMT,TITWALA,07:00,S,KANJUR MARG,07:41
CSMT,TITWALA,07:00,S,BHANDUP,07:44
CSMT,TITWALA,07:00,S,NAHUR,07:47
CSMT,TITWALA,07:00,S,MULUND,07:50
CSMT,TITWALA,07:00,S,THANE,07:55
CSMT,TITWALA,07:00,S,KALVA,07:59
CSMT,TITWALA,07:00,S,MUMBRA,08:05
CSMT,TITWALA,07:00,S,DIVA JN,08:09
CSMT,TITWALA,07:00,S,KOPAR,08:14
CSMT,TITWALA,07:00,S,DOMBIVLI,08:17
CSMT,TITWALA,07:00,S,THAKURLI,08:21
CSMT,TITWALA,07:00,S,KALYAN,08:28
CSMT,TITWALA,07:00,S,SHAHAD,08:32
CSMT,TITWALA,07:00,S,AMBIVLI,08:35
CSMT,TITWALA,07:00,S,TITWALA,08:41
CSMT,KALYAN,07:08,S,CSMT,07:08
CSMT,KALYAN,07:08,S,MASJID,07:11
CSMT,KALYAN,07:08,S,SANDHURST ROAD,07:13
CSMT,KALYAN,07:08,S,BYCULLA,07:16
CSMT,KALYAN,07:08,S,CHINCHPOKLI,07:18
CSMT,KALYAN,07:08,S,CURREY ROAD,07:20
CSMT,KALYAN,07:08,S,PAREL,07:23
CSMT,KALYAN,07:08,S,DADAR,07:26
CSMT,KALYAN,07:08,S,MATUNGA,07:29
CSMT,KALYAN,07:08,S,SION,07:32
CSMT,KALYAN,07:08,S,KURLA,07:36
CSMT,KALYAN,07:08,S,VIDYAVIHAR,07:39
CSMT,KALYAN,07:08,S,GHATKOPAR,07:42
CSMT,KALYAN,07:08,S,VIKHROLI,07:46
CSMT,KALYAN,07:08,S,KANJUR MARG,07:49
CSMT,KALYAN,07:08,S,BHANDUP,07:52
CSMT,KALYAN,07:08,S,NAHUR,07:55
CSMT,KALYAN,07:08,S,MULUND,07:58
CSMT,KALYAN,07:08,S,THANE,08:03
CSMT,KALYAN,07:08,S,KALVA,08:07
CSMT,KALYAN,07:08,S,MUMBRA,08:13
CSMT,KALYAN,07:08,S,DIVA JN,08:17
CSMT,KALYAN,07:08,S,KOPAR,08:22
CSMT,KALYAN,07:08,S,DOMBIVLI,08:25
CSMT,KALYAN,07:08,S,THAKURLI,08:29
CSMT,KALYAN,07:08,S,KALYAN,08:36
CSMT,THANE,07:12,S,CSMT,07:12
CSMT,THANE,07:12,S,MASJID,07:15
CSMT,THANE,07:12,S,SANDHURST ROAD,07:17
CSMT,THANE,07:12,S,BYCULLA,07:20
CSMT,THANE,07:12,S,CHINCHPOKLI,07:22
CSMT,THANE,07:12,S,CURREY ROAD,07:24
CSMT,THANE,07:12,S,PAREL,07:27
CSMT,THANE,07:12,S,DADAR,07:30
CSMT,THANE,07:12,S,MATUNGA,07:33
CSMT,THANE,07:12,S,SION,07:36
CSMT,THANE,07:12,S,KURLA,07:40
CSMT,THANE,07:12,S,VIDYAVIHAR,07:43
CSMT,THANE,07:12,S,GHATKOPAR,07:46
CSMT,THANE,07:12,S,VIKHROLI,07:50
CSMT,THANE,07:12,S,KANJUR MARG,07:53
CSMT,THANE,07:12,S,BHANDUP,07:56
CSMT,THANE,07:12,S,NAHUR,07:59
CSMT,THANE,07:12,S,MULUND,08:02
CSMT,THANE,07:12,S,THANE,08:07
CSMT,DOMBIVLI,07:16,S,CSMT,07:16
CSMT,DOMBIVLI,07:16,S,MASJID,07:19
CSMT,DOMBIVLI,07:16,S,SANDHURST ROAD,07:21
CSMT,DOMBIVLI,07:16,S,BYCULLA,07:24
CSMT,DOMBIVLI,07:16,S,CHINCHPOKLI,07:26
CSMT,DOMBIVLI,07:16,S,CURREY ROAD,07:28
CSMT,DOMBIVLI,07:16,S,PAREL,07:31
CSMT,DOMBIVLI,07:16,S,DADAR,07:34
CSMT,DOMBIVLI,07:16,S,MATUNGA,07:37
CSMT,DOMBIVLI,07:16,S,SION,07:40
CSMT,DOMBIVLI,07:16,S,KURLA,07:44
CSMT,DOMBIVLI,07:16,S,VIDYAVIHAR,07:47
CSMT,DOMBIVLI,07:16,S,GHATKOPAR,07:50
CSMT,DOMBIVLI,07:16,S,VIKHROLI,07:54
CSMT,DOMBIVLI,07:16,S,KANJUR MARG,07:57
CSMT,DOMBIVLI,07:16,S,BHANDUP,08:00
CSMT,DOMBIVLI,07:16,S,NAHUR,08:03
CSMT,DOMBIVLI,07:16,S,MULUND,08:06
CSMT,DOMBIVLI,07:16,S,THANE,08:11
CSMT,DOMBIVLI,07:16,S,KALVA,08:15
CSMT,DOMBIVLI,07:16,S,MUMBRA,08:21
CSMT,DOMBIVLI,07:16,S,DIVA JN,08:25
CSMT,DOMBIVLI,07:16,S,KOPAR,08:30
CSMT,DOMBIVLI,07:16,S,DOMBIVLI,08:33
CSMT,KALYAN,07:24,S,CSMT,07:24
CSMT,KALYAN,07:24,S,MASJID,07:27
CSMT,KALYAN,07:24,S,SANDHURST ROAD,07:29
CSMT,KALYAN,07:24,S,BYCULLA,07:32
CSMT,KALYAN,07:24,S,CHINCHPOKLI,07:34
CSMT,KALYAN,07:24,S,CURREY ROAD,07:36
CSMT,KALYAN,07:24,S,PAREL,07:39
CSMT,KALYAN,07:24,S,DADAR,07:42
CSMT,KALYAN,07:24,S,MATUNGA,07:45
CSMT,KALYAN,07:24,S,SION,07:48
CSMT,KALYAN,07:24,S,KURLA,07:52
CSMT,KALYAN,07:24,S,VIDYAVIHAR,07:55
CSMT,KALYAN,07:24,S,GHATKOPAR,07:58
CSMT,KALYAN,07:24,S,VIKHROLI,08:02
CSMT,KALYAN,07:24,S,KANJUR MARG,08:05
CSMT,KALYAN,07:24,S,BHANDUP,08:08
CSMT,KALYAN,07:24,S,NAHUR,08:11
CSMT,KALYAN,07:24,S,MULUND,08:14
CSMT,KALYAN,07:24,S,THANE,08:19
CSMT,KALYAN,07:24,S,KALVA,08:23
CSMT,KALYAN,07:24,S,MUMBRA,08:29
CSMT,KALYAN,07:24,S,DIVA JN,08:33
CSMT,KALYAN,07:24,S,KOPAR,08:38
CSMT,KALYAN,07:24,S,DOMBIVLI,08:41
CSMT,KALYAN,07:24,S,THAKURLI,08:45
CSMT,KALYAN,07:24,S,KALYAN,08:52
CSMT,THANE,07:28,S,CSMT,07:28
CSMT,THANE,07:28,S,MASJID,07:31
CSMT,THANE,07:28,S,SANDHURST ROAD,07:33
CSMT,THANE,07:28,S,BYCULLA,07:36
CSMT,THANE,07:28,S,CHINCHPOKLI,07:38
CSMT,THANE,07:28,S,CURREY ROAD,07:40
CSMT,THANE,07:28,S,PAREL,07:43
CSMT,THANE,07:28,S,DADAR,07:46
CSMT,THANE,07:28,S,MATUNGA,07:49
CSMT,THANE,07:28,S,SION,07:52
CSMT,THANE,07:28,S,KURLA,07:56
CSMT,THANE,07:28,S,VIDYAVIHAR,07:59
CSMT,THANE,07:28,S,GHATKOPAR,08:02
CSMT,THANE,07:28,S,VIKHROLI,08:06
CSMT,THANE,07:28,S,KANJUR MARG,08:09
CSMT,THANE,07:28,S,BHANDUP,08:12
CSMT,THANE,07:28,S,NAHUR,08:15
CSMT,THANE,07:28,S,MULUND,08:18
CSMT,THANE,07:28,S,THANE,08:23
CSMT,KALYAN,07:32,S,CSMT,07:32
CSMT,KALYAN,07:32,S,MASJID,07:35
CSMT,KALYAN,07:32,S,SANDHURST ROAD,07:37
CSMT,KALYAN,07:32,S,BYCULLA,07:40
CSMT,KALYAN,07:32,S,CHINCHPOKLI,07:42
CSMT,KALYAN,07:32,S,CURREY ROAD,07:44
CSMT,KALYAN,07:32,S,PAREL,07:47
CSMT,KALYAN,07:32,S,DADAR,07:50
CSMT,KALYAN,07:32,S,MATUNGA,07:53
CSMT,KALYAN,07:32,S,SION,07:56
CSMT,KALYAN,07:32,S,KURLA,08:00
CSMT,KALYAN,07:32,S,VIDYAVIHAR,08:03
CSMT,KALYAN,07:32,S,GHATKOPAR,08:06
CSMT,KALYAN,07:32,S,VIKHROLI,08:10
CSMT,KALYAN,07:32,S,KANJUR MARG,08:13
CSMT,KALYAN,07:32,S,BHANDUP,08:16
CSMT,KALYAN,07:32,S,NAHUR,08:19
CSMT,KALYAN,07:32,S,MULUND,08:22
CSMT,KALYAN,07:32,S,THANE,08:27
CSMT,KALYAN,07:32,S,KALVA,08:31
CSMT,KALYAN,07:32,S,MUMBRA,08:37
CSMT,KALYAN,07:32,S,DIVA JN,08:41
CSMT,KALYAN,07:32,S,KOPAR,08:46
CSMT,KALYAN,07:32,S,DOMBIVLI,08:49
CSMT,KALYAN,07:32,S,THAKURLI,08:53
CSMT,KALYAN,07:32,S,KALYAN,09:00
CSMT,DOMBIVLI,07:36,S,CSMT,07:36
CSMT,DOMBIVLI,07:36,S,MASJID,07:39
CSMT,DOMBIVLI,07:36,S,SANDHURST ROAD,07:41
CSMT,DOMBIVLI,07:36,S,BYCULLA,07:44
CSMT,DOMBIVLI,07:36,S,CHINCHPOKLI,07:46
CSMT,DOMBIVLI,07:36,S,CURREY ROAD,07:48
CSMT,DOMBIVLI,07:36,S,PAREL,07:51
CSMT,DOMBIVLI,07:36,S,DADAR,07:54
CSMT,DOMBIVLI,07:36,S,MATUNGA,07:57
CSMT,DOMBIVLI,07:36,S,SION,08:00
CSMT,DOMBIVLI,07:36,S,KURLA,08:04
CSMT,DOMBIVLI,07:36,S,VIDYAVIHAR,08:07
CSMT,DOMBIVLI,07:36,S,GHATKOPAR,08:10
CSMT,DOMBIVLI,07:36,S,VIKHROLI,08:14
CSMT,DOMBIVLI,07:36,S,KANJUR MARG,08:17
CSMT,DOMBIVLI,07:36,S,BHANDUP,08:20
CSMT,DOMBIVLI,07:36,S,NAHUR,08:23
CSMT,DOMBIVLI,07:36,S,MULUND,08:26
CSMT,DOMBIVLI,07:36,S,THANE,08:31
CSMT,DOMBIVLI,07:36,S,KALVA,08:35
CSMT,DOMBIVLI,07:36,S,MUMBRA,08:41
CSMT,DOMBIVLI,07:36,S,DIVA JN,08:45
CSMT,DOMBIVLI,07:36,S,KOPAR,08:50
CSMT,DOMBIVLI,07:36,S,DOMBIVLI,08:53
CSMT,ASANGAON,07:42,S,CSMT,07:42
CSMT,ASANGAON,07:42,S,MASJID,07:45
CSMT,ASANGAON,07:42,S,SANDHURST ROAD,07:47
CSMT,ASANGAON,07:42,S,BYCULLA,07:50
CSMT,ASANGAON,07:42,S,CHINCHPOKLI,07:52
CSMT,ASANGAON,07:42,S,CURREY ROAD,07:54
CSMT,ASANGAON,07:42,S,PAREL,07:57
CSMT,ASANGAON,07:42,S,DADAR,08:00
CSMT,ASANGAON,07:42,S,MATUNGA,08:03
CSMT,ASANGAON,07:42,S,SION,08:06
CSMT,ASANGAON,07:42,S,KURLA,08:10
CSMT,ASANGAON,07:42,S,VIDYAVIHAR,08:13
CSMT,ASANGAON,07:42,S,GHATKOPAR,08:16
CSMT,ASANGAON,07:42,S,VIKHROLI,08:20
CSMT,ASANGAON,07:42,S,KANJUR MARG,08:23
CSMT,ASANGAON,07:42,S,BHANDUP,08:26
CSMT,ASANGAON,07:42,S,NAHUR,08:29
CSMT,ASANGAON,07:42,S,MULUND,08:32
CSMT,ASANGAON,07:42,S,THANE,08:37
CSMT,ASANGAON,07:42,S,KALVA,08:41
CSMT,ASANGAON,07:42,S,MUMBRA,08:47
CSMT,ASANGAON,07:42,S,DIVA JN,08:51
CSMT,ASANGAON,07:42,S,KOPAR,08:56
CSMT,ASANGAON,07:42,S,DOMBIVLI,08:59
CSMT,ASANGAON,07:42,S,THAKURLI,09:03
CSMT,ASANGAON,07:42,S,KALYAN,09:10
CSMT,ASANGAON,07:42,S,SHAHAD,09:14
CSMT,ASANGAON,07:42,S,AMBIVLI,09:17
CSMT,ASANGAON,07:42,S,TITWALA,09:23
CSMT,ASANGAON,07:42,S,KHADAVLI,09:30
CSMT,ASANGAON,07:42,S,VASIND,09:37
CSMT,ASANGAON,07:42,S,ASANGAON,09:46
CSMT,THANE,07:45,S,CSMT,07:45
CSMT,THANE,07:45,S,MASJID,07:48
CSMT,THANE,07:45,S,SANDHURST ROAD,07:50
CSMT,THANE,07:45,S,BYCULLA,07:53
CSMT,THANE,07:45,S,CHINCHPOKLI,07:55
CSMT,THANE,07:45,S,CURREY ROAD,07:57
CSMT,THANE,07:45,S,PAREL,08:00
CSMT,THANE,07:45,S,DADAR,08:03
CSMT,THANE,07:45,S,MATUNGA,08:06
CSMT,THANE,07:45,S,SION,08:09
CSMT,THANE,07:45,S,KURLA,08:13
CSMT,THANE,07:45,S,VIDYAVIHAR,08:16
CSMT,THANE,07:45,S,GHATKOPAR,08:19
CSMT,THANE,07:45,S,VIKHROLI,08:23
CSMT,THANE,07:45,S,KANJUR MARG,08:26
CSMT,THANE,07:45,S,BHANDUP,08:29
CSMT,THANE,07:45,S,NAHUR,08:32
CSMT,THANE,07:45,S,MULUND,08:35
CSMT,THANE,07:45,S,THANE,08:40
CSMT,KALYAN,07:50,S,CSMT,07:50
CSMT,KALYAN,07:50,S,MASJID,07:53
CSMT,KALYAN,07:50,S,SANDHURST ROAD,07:55
CSMT,KALYAN,07:50,S,BYCULLA,07:58
CSMT,KALYAN,07:50,S,CHINCHPOKLI,08:00
CSMT,KALYAN,07:50,S,CURREY ROAD,08:02
CSMT,KALYAN,07:50,S,PAREL,08:05
CSMT,KALYAN,07:50,S,DADAR,08:08
CSMT,KALYAN,07:50,S,MATUNGA,08:11
CSMT,KALYAN,07:50,S,SION,08:14
CSMT,KALYAN,07:50,S,KURLA,08:18
CSMT,KALYAN,07:50,S,VIDYAVIHAR,08:21
CSMT,KALYAN,07:50,S,GHATKOPAR,08:24
CSMT,KALYAN,07:50,S,VIKHROLI,08:28
CSMT,KALYAN,07:50,S,KANJUR MARG,08:31
CSMT,KALYAN,07:50,S,BHANDUP,08:34
CSMT,KALYAN,07:50,S,NAHUR,08:37
CSMT,KALYAN,07:50,S,MULUND,08:40
CSMT,KALYAN,07:50,S,THANE,08:45
CSMT,KALYAN,07:50,S,KALVA,08:49
CSMT,KALYAN,07:50,S,MUMBRA,08:55
CSMT,KALYAN,07:50,S,DIVA JN,08:59
CSMT,KALYAN,07:50,S,KOPAR,09:04
CSMT,KALYAN,07:50,S,DOMBIVLI,09:07
CSMT,KALYAN,07:50,S,THAKURLI,09:11
CSMT,KALYAN,07:50,S,KALYAN,09:18
CSMT,THANE,08:00,S,CSMT,08:00
CSMT,THANE,08:00,S,MASJID,08:03
CSMT,THANE,08:00,S,SANDHURST ROAD,08:05
CSMT,THANE,08:00,S,BYCULLA,08:08
CSMT,THANE,08:00,S,CHINCHPOKLI,08:10
CSMT,THANE,08:00,S,CURREY ROAD,08:12
CSMT,THANE,08:00,S,PAREL,08:15
CSMT,THANE,08:00,S,DADAR,08:18
CSMT,THANE,08:00,S,MATUNGA,08:21
CSMT,THANE,08:00,S,SION,08:24
CSMT,THANE,08:00,S,KURLA,08:28
CSMT,THANE,08:00,S,VIDYAVIHAR,08:31
CSMT,THANE,08:00,S,GHATKOPAR,08:34
CSMT,THANE,08:00,S,VIKHROLI,08:38
CSMT,THANE,08:00,S,KANJUR MARG,08:41
CSMT,THANE,08:00,S,BHANDUP,08:44
CSMT,THANE,08:00,S,NAHUR,08:47
CSMT,THANE,08:00,S,MULUND,08:50
CSMT,THANE,08:00,S,THANE,08:55
CSMT,THANE,08:08,S,CSMT,08:08
CSMT,THANE,08:08,S,MASJID,08:11
CSMT,THANE,08:08,S,SANDHURST ROAD,08:13
CSMT,THANE,08:08,S,BYCULLA,08:16
CSMT,THANE,08:08,S,CHINCHPOKLI,08:18
CSMT,THANE,08:08,S,CURREY ROAD,08:20
CSMT,THANE,08:08,S,PAREL,08:23
CSMT,THANE,08:08,S,DADAR,08:26
CSMT,THANE,08:08,S,MATUNGA,08:29
CSMT,THANE,08:08,S,SION,08:32
CSMT,THANE,08:08,S,KURLA,08:36
CSMT,THANE,08:08,S,VIDYAVIHAR,08:39
CSMT,THANE,08:08,S,GHATKOPAR,08:42
CSMT,THANE,08:08,S,VIKHROLI,08:46
CSMT,THANE,08:08,S,KANJUR MARG,08:49
CSMT,THANE,08:08,S,BHANDUP,08:52
CSMT,THANE,08:08,S,NAHUR,08:55
CSMT,THANE,08:08,S,MULUND,08:58
CSMT,THANE,08:08,S,THANE,09:03
CSMT,KALYAN,08:12,S,CSMT,08:12
CSMT,KALYAN,08:12,S,MASJID,08:15
CSMT,KALYAN,08:12,S,SANDHURST ROAD,08:17
CSMT,KALYAN,08:12,S,BYCULLA,08:20
CSMT,KALYAN,08:12,S,CHINCHPOKLI,08:22
CSMT,KALYAN,08:12,S,CURREY ROAD,08:24
CSMT,KALYAN,08:12,S,PAREL,08:27
CSMT,KALYAN,08:12,S,DADAR,08:30
CSMT,KALYAN,08:12,S,MATUNGA,08:33
CSMT,KALYAN,08:12,S,SION,08:36
CSMT,KALYAN,08:12,S,KURLA,08:40
CSMT,KALYAN,08:12,S,VIDYAVIHAR,08:43
CSMT,KALYAN,08:12,S,GHATKOPAR,08:46
CSMT,KALYAN,08:12,S,VIKHROLI,08:50
CSMT,KALYAN,08:12,S,KANJUR MARG,08:53
CSMT,KALYAN,08:12,S,BHANDUP,08:56
CSMT,KALYAN,08:12,S,NAHUR,08:59
CSMT,KALYAN,08:12,S,MULUND,09:02
CSMT,KALYAN,08:12,S,THANE,09:07
CSMT,KALYAN,08:12,S,KALVA,09:11
CSMT,KALYAN,08:12,S,MUMBRA,09:17
CSMT,KALYAN,08:12,S,DIVA JN,09:21
CSMT,KALYAN,08:12,S,KOPAR,09:26
CSMT,KALYAN,08:12,S,DOMBIVLI,09:29
CSMT,KALYAN,08:12,S,THAKURLI,09:33
CSMT,KALYAN,08:12,S,KALYAN,09:40
CSMT,THANE,08:16,S,CSMT,08:16
CSMT,THANE,08:16,S,MASJID,08:19
CSMT,THANE,08:16,S,SANDHURST ROAD,08:21
CSMT,THANE,08:16,S,BYCULLA,08:24
CSMT,THANE,08:16,S,CHINCHPOKLI,08:26
CSMT,THANE,08:16,S,CURREY ROAD,08:28
CSMT,THANE,08:16,S,PAREL,08:31
CSMT,THANE,08:16,S,DADAR,08:34
CSMT,THANE,08:16,S,MATUNGA,08:37
CSMT,THANE,08:16,S,SION,08:40
CSMT,THANE,08:16,S,KURLA,08:44
CSMT,THANE,08:16,S,VIDYAVIHAR,08:47
CSMT,THANE,08:16,S,GHATKOPAR,08:50
CSMT,THANE,08:16,S,VIKHROLI,08:54
CSMT,THANE,08:16,S,KANJUR MARG,08:57
CSMT,THANE,08:16,S,BHANDUP,09:00
CSMT,THANE,08:16,S,NAHUR,09:03
CSMT,THANE,08:16,S,MULUND,09:06
CSMT,THANE,08:16,S,THANE,09:11
CSMT,DOMBIVLI,08:20,S,CSMT,08:20
CSMT,DOMBIVLI,08:20,S,MASJID,08:23
CSMT,DOMBIVLI,08:20,S,SANDHURST ROAD,08:25
CSMT,DOMBIVLI,08:20,S,BYCULLA,08:28
CSMT,DOMBIVLI,08:20,S,CHINCHPOKLI,08:30
CSMT,DOMBIVLI,08:20,S,CURREY ROAD,08:32
CSMT,DOMBIVLI,08:20,S,PAREL,08:35
CSMT,DOMBIVLI,08:20,S,DADAR,08:38
CSMT,DOMBIVLI,08:20,S,MATUNGA,08:41
CSMT,DOMBIVLI,08:20,S,SION,08:44
CSMT,DOMBIVLI,08:20,S,KURLA,08:48
CSMT,DOMBIVLI,08:20,S,VIDYAVIHAR,08:51
CSMT,DOMBIVLI,08:20,S,GHATKOPAR,08:54
CSMT,DOMBIVLI,08:20,S,VIKHROLI,08:58
CSMT,DOMBIVLI,08:20,S,KANJUR MARG,09:01
CSMT,DOMBIVLI,08:20,S,BHANDUP,09:04
CSMT,DOMBIVLI,08:20,S,NAHUR,09:07
CSMT,DOMBIVLI,08:20,S,MULUND,09:10
CSMT,DOMBIVLI,08:20,S,THANE,09:15
CSMT,DOMBIVLI,08:20,S,KALVA,09:19
CSMT,DOMBIVLI,08:20,S,MUMBRA,09:25
CSMT,DOMBIVLI,08:20,S,DIVA JN,09:29
CSMT,DOMBIVLI,08:20,S,KOPAR,09:34
CSMT,DOMBIVLI,08:20,S,DOMBIVLI,09:37
CSMT,THANE,08:26,S,CSMT,08:26
CSMT,THANE,08:26,S,MASJID,08:29
CSMT,THANE,08:26,S,SANDHURST ROAD,08:31
CSMT,THANE,08:26,S,BYCULLA,08:34
CSMT,THANE,08:26,S,CHINCHPOKLI,08:36
CSMT,THANE,08:26,S,CURREY ROAD,08:38
CSMT,THANE,08:26,S,PAREL,08:41
CSMT,THANE,08:26,S,DADAR,08:44
CSMT,THANE,08:26,S,MATUNGA,08:47
CSMT,THANE,08:26,S,SION,08:50
CSMT,THANE,08:26,S,KURLA,08:54
CSMT,THANE,08:26,S,VIDYAVIHAR,08:57
CSMT,THANE,08:26,S,GHATKOPAR,09:00
CSMT,THANE,08:26,S,VIKHROLI,09:04
CSMT,THANE,08:26,S,KANJUR MARG,09:07
CSMT,THANE,08:26,S,BHANDUP,09:10
CSMT,THANE,08:26,S,NAHUR,09:13
CSMT,THANE,08:26,S,MULUND,09:16
CSMT,THANE,08:26,S,THANE,09:21
CSMT,KURLA,08:29,S,CSMT,08:29
CSMT,KURLA,08:29,S,MASJID,08:32
CSMT,KURLA,08:29,S,SANDHURST ROAD,08:34
CSMT,KURLA,08:29,S,BYCULLA,08:37
CSMT,KURLA,08:29,S,CHINCHPOKLI,08:39
CSMT,KURLA,08:29,S,CURREY ROAD,08:41
CSMT,KURLA,08:29,S,PAREL,08:44
CSMT,KURLA,08:29,S,DADAR,08:47
CSMT,KURLA,08:29,S,MATUNGA,08:50
CSMT,KURLA,08:29,S,SION,08:53
CSMT,KURLA,08:29,S,KURLA,08:57
CSMT,KALYAN,08:33,S,CSMT,08:33
CSMT,KALYAN,08:33,S,MASJID,08:36
CSMT,KALYAN,08:33,S,SANDHURST ROAD,08:38
CSMT,KALYAN,08:33,S,BYCULLA,08:41
CSMT,KALYAN,08:33,S,CHINCHPOKLI,08:43
CSMT,KALYAN,08:33,S,CURREY ROAD,08:45
CSMT,KALYAN,08:33,S,PAREL,08:48
CSMT,KALYAN,08:33,S,DADAR,08:51
CSMT,KALYAN,08:33,S,MATUNGA,08:54
CSMT,KALYAN,08:33,S,SION,08:57
CSMT,KALYAN,08:33,S,KURLA,09:01
CSMT,KALYAN,08:33,S,VIDYAVIHAR,09:04
CSMT,KALYAN,08:33,S,GHATKOPAR,09:07
CSMT,KALYAN,08:33,S,VIKHROLI,09:11
CSMT,KALYAN,08:33,S,KANJUR MARG,09:14
CSMT,KALYAN,08:33,S,BHANDUP,09:17
CSMT,KALYAN,08:33,S,NAHUR,09:20
CSMT,KALYAN,08:33,S,MULUND,09:23
CSMT,KALYAN,08:33,S,THANE,09:28
CSMT,KALYAN,08:33,S,KALVA,09:32
CSMT,KALYAN,08:33,S,MUMBRA,09:38
CSMT,KALYAN,08:33,S,DIVA JN,09:42
CSMT,KALYAN,08:33,S,KOPAR,09:47
CSMT,KALYAN,08:33,S,DOMBIVLI,09:50
CSMT,KALYAN,08:33,S,THAKURLI,09:54
CSMT,KALYAN,08:33,S,KALYAN,10:01
CSMT,GHATKOPAR,08:37,S,CSMT,08:37
CSMT,GHATKOPAR,08:37,S,MASJID,08:40
CSMT,GHATKOPAR,08:37,S,SANDHURST ROAD,08:42
CSMT,GHATKOPAR,08:37,S,BYCULLA,08:45
CSMT,GHATKOPAR,08:37,S,CHINCHPOKLI,08:47
CSMT,GHATKOPAR,08:37,S,CURREY ROAD,08:49
CSMT,GHATKOPAR,08:37,S,PAREL,08:52
CSMT,GHATKOPAR,08:37,S,DADAR,08:55
CSMT,GHATKOPAR,08:37,S,MATUNGA,08:58
CSMT,GHATKOPAR,08:37,S,SION,09:01
CSMT,GHATKOPAR,08:37,S,KURLA,09:05
CSMT,GHATKOPAR,08:37,S,VIDYAVIHAR,09:08
CSMT,GHATKOPAR,08:37,S,GHATKOPAR,09:11
CSMT,KURLA,08:41,S,CSMT,08:41
CSMT,KURLA,08:41,S,MASJID,08:44
CSMT,KURLA,08:41,S,SANDHURST ROAD,08:46
CSMT,KURLA,08:41,S,BYCULLA,08:49
CSMT,KURLA,08:41,S,CHINCHPOKLI,08:51
CSMT,KURLA,08:41,S,CURREY ROAD,08:53
CSMT,KURLA,08:41,S,PAREL,08:56
CSMT,KURLA,08:41,S,DADAR,08:59
CSMT,KURLA,08:41,S,MATUNGA,09:02
CSMT,KURLA,08:41,S,SION,09:05
CSMT,KURLA,08:41,S,KURLA,09:09
CSMT,THANE,08:45,S,CSMT,08:45
CSMT,THANE,08:45,S,MASJID,08:48
CSMT,THANE,08:45,S,SANDHURST ROAD,08:50
CSMT,THANE,08:45,S,BYCULLA,08:53
CSMT,THANE,08:45,S,CHINCHPOKLI,08:55
CSMT,THANE,08:45,S,CURREY ROAD,08:57
CSMT,THANE,08:45,S,PAREL,09:00
CSMT,THANE,08:45,S,DADAR,09:03
CSMT,THANE,08:45,S,MATUNGA,09:06
CSMT,THANE,08:45,S,SION,09:09
CSMT,THANE,08:45,S,KURLA,09:13
CSMT,THANE,08:45,S,VIDYAVIHAR,09:16
CSMT,THANE,08:45,S,GHATKOPAR,09:19
CSMT,THANE,08:45,S,VIKHROLI,09:23
CSMT,THANE,08:45,S,KANJUR MARG,09:26
CSMT,THANE,08:45,S,BHANDUP,09:29
CSMT,THANE,08:45,S,NAHUR,09:32
CSMT,THANE,08:45,S,MULUND,09:35
CSMT,THANE,08:45,S,THANE,09:40
CSMT,KALYAN,08:49,S,CSMT,08:49
CSMT,KALYAN,08:49,S,MASJID,08:52
CSMT,KALYAN,08:49,S,SANDHURST ROAD,08:54
CSMT,KALYAN,08:49,S,BYCULLA,08:57
CSMT,KALYAN,08:49,S,CHINCHPOKLI,08:59
CSMT,KALYAN,08:49,S,CURREY ROAD,09:01
CSMT,KALYAN,08:49,S,PAREL,09:04
CSMT,KALYAN,08:49,S,DADAR,09:07
CSMT,KALYAN,08:49,S,MATUNGA,09:10
CSMT,KALYAN,08:49,S,SION,09:13
CSMT,KALYAN,08:49,S,KURLA,09:17
CSMT,KALYAN,08:49,S,VIDYAVIHAR,09:20
CSMT,KALYAN,08:49,S,GHATKOPAR,09:23
CSMT,KALYAN,08:49,S,VIKHROLI,09:27
CSMT,KALYAN,08:49,S,KANJUR MARG,09:30
CSMT,KALYAN,08:49,S,BHANDUP,09:33
CSMT,KALYAN,08:49,S,NAHUR,09:36
CSMT,KALYAN,08:49,S,MULUND,09:39
CSMT,KALYAN,08:49,S,THANE,09:44
CSMT,KALYAN,08:49,S,KALVA,09:48
CSMT,KALYAN,08:49,S,MUMBRA,09:54
CSMT,KALYAN,08:49,S,DIVA JN,09:58
CSMT,KALYAN,08:49,S,KOPAR,10:03
CSMT,KALYAN,08:49,S,DOMBIVLI,10:06
CSMT,KALYAN,08:49,S,THAKURLI,10:10
CSMT,KALYAN,08:49,S,KALYAN,10:17
CSMT,KURLA,08:53,S,CSMT,08:53
CSMT,KURLA,08:53,S,MASJID,08:56
CSMT,KURLA,08:53,S,SANDHURST ROAD,08:58
CSMT,KURLA,08:53,S,BYCULLA,09:01
CSMT,KURLA,08:53,S,CHINCHPOKLI,09:03
CSMT,KURLA,08:53,S,CURREY ROAD,09:05
CSMT,KURLA,08:53,S,PAREL,09:08
CSMT,KURLA,08:53,S,DADAR,09:11
CSMT,KURLA,08:53,S,MATUNGA,09:14
CSMT,KURLA,08:53,S,SION,09:17
CSMT,KURLA,08:53,S,KURLA,09:21
CSMT,THANE,08:57,S,CSMT,08:57
CSMT,THANE,08:57,S,MASJID,09:00
CSMT,THANE,08:57,S,SANDHURST ROAD,09:02
CSMT,THANE,08:57,S,BYCULLA,09:05
CSMT,THANE,08:57,S,CHINCHPOKLI,09:07
CSMT,THANE,08:57,S,CURREY ROAD,09:09
CSMT,THANE,08:57,S,PAREL,09:12
CSMT,THANE,08:57,S,DADAR,09:15
CSMT,THANE,08:57,S,MATUNGA,09:18
CSMT,THANE,08:57,S,SION,09:21
CSMT,THANE,08:57,S,KURLA,09:25
CSMT,THANE,08:57,S,VIDYAVIHAR,09:28
CSMT,THANE,08:57,S,GHATKOPAR,09:31
CSMT,THANE,08:57,S,VIKHROLI,09:35
CSMT,THANE,08:57,S,KANJUR MARG,09:38
CSMT,THANE,08:57,S,BHANDUP,09:41
CSMT,THANE,08:57,S,NAHUR,09:44
CSMT,THANE,08:57,S,MULUND,09:47
CSMT,THANE,08:57,S,THANE,09:52
CSMT,THANE,09:01,S,CSMT,09:01
CSMT,THANE,09:01,S,MASJID,09:04
CSMT,THANE,09:01,S,SANDHURST ROAD,09:06
CSMT,THANE,09:01,S,BYCULLA,09:09
CSMT,THANE,09:01,S,CHINCHPOKLI,09:11
CSMT,THANE,09:01,S,CURREY ROAD,09:13
CSMT,THANE,09:01,S,PAREL,09:16
CSMT,THANE,09:01,S,DADAR,09:19
CSMT,THANE,09:01,S,MATUNGA,09:22
CSMT,THANE,09:01,S,SION,09:25
CSMT,THANE,09:01,S,KURLA,09:29
CSMT,THANE,09:01,S,VIDYAVIHAR,09:32
CSMT,THANE,09:01,S,GHATKOPAR,09:35
CSMT,THANE,09:01,S,VIKHROLI,09:39
CSMT,THANE,09:01,S,KANJUR MARG,09:42
CSMT,THANE,09:01,S,BHANDUP,09:45
CSMT,THANE,09:01,S,NAHUR,09:48
CSMT,THANE,09:01,S,MULUND,09:51
CSMT,THANE,09:01,S,THANE,09:56
CSMT,KALYAN,09:05,S,CSMT,09:05
CSMT,KALYAN,09:05,S,MASJID,09:08
CSMT,KALYAN,09:05,S,SANDHURST ROAD,09:10
CSMT,KALYAN,09:05,S,BYCULLA,09:13
CSMT,KALYAN,09:05,S,CHINCHPOKLI,09:15
CSMT,KALYAN,09:05,S,CURREY ROAD,09:17
CSMT,KALYAN,09:05,S,PAREL,09:20
CSMT,KALYAN,09:05,S,DADAR,09:23
CSMT,KALYAN,09:05,S,MATUNGA,09:26
CSMT,KALYAN,09:05,S,SION,09:29
CSMT,KALYAN,09:05,S,KURLA,09:33
CSMT,KALYAN,09:05,S,VIDYAVIHAR,09:36
CSMT,KALYAN,09:05,S,GHATKOPAR,09:39
CSMT,KALYAN,09:05,S,VIKHROLI,09:43
CSMT,KALYAN,09:05,S,KANJUR MARG,09:46
CSMT,KALYAN,09:05,S,BHANDUP,09:49
CSMT,KALYAN,09:05,S,NAHUR,09:52
CSMT,KALYAN,09:05,S,MULUND,09:55
CSMT,KALYAN,09:05,S,THANE,10:00
CSMT,KALYAN,09:05,S,KALVA,10:04
CSMT,KALYAN,09:05,S,MUMBRA,10:10
CSMT,KALYAN,09:05,S,DIVA JN,10:14
CSMT,KALYAN,09:05,S,KOPAR,10:19
CSMT,KALYAN,09:05,S,DOMBIVLI,10:22
CSMT,KALYAN,09:05,S,THAKURLI,10:26
CSMT,KALYAN,09:05,S,KALYAN,10:33
CSMT,GHATKOPAR,09:08,S,CSMT,09:08
CSMT,GHATKOPAR,09:08,S,MASJID,09:11
CSMT,GHATKOPAR,09:08,S,SANDHURST ROAD,09:13
CSMT,GHATKOPAR,09:08,S,BYCULLA,09:16
CSMT,GHATKOPAR,09:08,S,CHINCHPOKLI,09:18
CSMT,GHATKOPAR,09:08,S,CURREY ROAD,09:20
CSMT,GHATKOPAR,09:08,S,PAREL,09:23
CSMT,GHATKOPAR,09:08,S,DADAR,09:26
CSMT,GHATKOPAR,09:08,S,MATUNGA,09:29
CSMT,GHATKOPAR,09:08,S,SION,09:32
CSMT,GHATKOPAR,09:08,S,KURLA,09:36
CSMT,GHATKOPAR,09:08,S,VIDYAVIHAR,09:39
CSMT,GHATKOPAR,09:08,S,GHATKOPAR,09:42
CSMT,KURLA,09:12,S,CSMT,09:12
CSMT,KURLA,09:12,S,MASJID,09:15
CSMT,KURLA,09:12,S,SANDHURST ROAD,09:17
CSMT,KURLA,09:12,S,BYCULLA,09:20
CSMT,KURLA,09:12,S,CHINCHPOKLI,09:22
CSMT,KURLA,09:12,S,CURREY ROAD,09:24
CSMT,KURLA,09:12,S,PAREL,09:27
CSMT,KURLA,09:12,S,DADAR,09:30
CSMT,KURLA,09:12,S,MATUNGA,09:33
CSMT,KURLA,09:12,S,SION,09:36
CSMT,KURLA,09:12,S,KURLA,09:40
CSMT,DOMBIVLI,09:16,S,CSMT,09:16
CSMT,DOMBIVLI,09:16,S,MASJID,09:19
CSMT,DOMBIVLI,09:16,S,SANDHURST ROAD,09:21
CSMT,DOMBIVLI,09:16,S,BYCULLA,09:24
CSMT,DOMBIVLI,09:16,S,CHINCHPOKLI,09:26
CSMT,DOMBIVLI,09:16,S,CURREY ROAD,09:28
CSMT,DOMBIVLI,09:16,S,PAREL,09:31
CSMT,DOMBIVLI,09:16,S,DADAR,09:34
CSMT,DOMBIVLI,09:16,S,MATUNGA,09:37
CSMT,DOMBIVLI,09:16,S,SION,09:40
CSMT,DOMBIVLI,09:16,S,KURLA,09:44
CSMT,DOMBIVLI,09:16,S,VIDYAVIHAR,09:47
CSMT,DOMBIVLI,09:16,S,GHATKOPAR,09:50
CSMT,DOMBIVLI,09:16,S,VIKHROLI,09:54
CSMT,DOMBIVLI,09:16,S,KANJUR MARG,09:57
CSMT,DOMBIVLI,09:16,S,BHANDUP,10:00
CSMT,DOMBIVLI,09:16,S,NAHUR,10:03
CSMT,DOMBIVLI,09:16,S,MULUND,10:06
CSMT,DOMBIVLI,09:16,S,THANE,10:11
CSMT,DOMBIVLI,09:16,S,KALVA,10:15
CSMT,DOMBIVLI,09:16,S,MUMBRA,10:21
CSMT,DOMBIVLI,09:16,S,DIVA JN,10:25
CSMT,DOMBIVLI,09:16,S,KOPAR,10:30
CSMT,DOMBIVLI,09:16,S,DOMBIVLI,10:33
CSMT,THANE,09:19,S,CSMT,09:19
CSMT,THANE,09:19,S,MASJID,09:22
CSMT,THANE,09:19,S,SANDHURST ROAD,09:24
CSMT,THANE,09:19,S,BYCULLA,09:27
CSMT,THANE,09:19,S,CHINCHPOKLI,09:29
CSMT,THANE,09:19,S,CURREY ROAD,09:31
CSMT,THANE,09:19,S,PAREL,09:34
CSMT,THANE,09:19,S,DADAR,09:37
CSMT,THANE,09:19,S,MATUNGA,09:40
CSMT,THANE,09:19,S,SION,09:43
CSMT,THANE,09:19,S,KURLA,09:47
CSMT,THANE,09:19,S,VIDYAVIHAR,09:50
CSMT,THANE,09:19,S,GHATKOPAR,09:53
CSMT,THANE,09:19,S,VIKHROLI,09:57
CSMT,THANE,09:19,S,KANJUR MARG,10:00
CSMT,THANE,09:19,S,BHANDUP,10:03
CSMT,THANE,09:19,S,NAHUR,10:06
CSMT,THANE,09:19,S,MULUND,10:09
CSMT,THANE,09:19,S,THANE,10:14
CSMT,KURLA,09:23,S,CSMT,09:23
CSMT,KURLA,09:23,S,MASJID,09:26
CSMT,KURLA,09:23,S,SANDHURST ROAD,09:28
CSMT,KURLA,09:23,S,BYCULLA,09:31
CSMT,KURLA,09:23,S,CHINCHPOKLI,09:33
CSMT,KURLA,09:23,S,CURREY ROAD,09:35
CSMT,KURLA,09:23,S,PAREL,09:38
CSMT,KURLA,09:23,S,DADAR,09:41
CSMT,KURLA,09:23,S,MATUNGA,09:44
CSMT,KURLA,09:23,S,SION,09:47
CSMT,KURLA,09:23,S,KURLA,09:51
CSMT,THANE,09:26,S,CSMT,09:26
CSMT,THANE,09:26,S,MASJID,09:29
CSMT,THANE,09:26,S,SANDHURST ROAD,09:31
CSMT,THANE,09:26,S,BYCULLA,09:34
CSMT,THANE,09:26,S,CHINCHPOKLI,09:36
CSMT,THANE,09:26,S,CURREY ROAD,09:38
CSMT,THANE,09:26,S,PAREL,09:41
CSMT,THANE,09:26,S,DADAR,09:44
CSMT,THANE,09:26,S,MATUNGA,09:47
CSMT,THANE,09:26,S,SION,09:50
CSMT,THANE,09:26,S,KURLA,09:54
CSMT,THANE,09:26,S,VIDYAVIHAR,09:57
CSMT,THANE,09:26,S,GHATKOPAR,10:00
CSMT,THANE,09:26,S,VIKHROLI,10:04
CSMT,THANE,09:26,S,KANJUR MARG,10:07
CSMT,THANE,09:26,S,BHANDUP,10:10
CSMT,THANE,09:26,S,NAHUR,10:13
CSMT,THANE,09:26,S,MULUND,10:16
CSMT,THANE,09:26,S,THANE,10:21
CSMT,KALYAN,09:30,S,CSMT,09:30
CSMT,KALYAN,09:30,S,MASJID,09:33
CSMT,KALYAN,09:30,S,SANDHURST ROAD,09:35
CSMT,KALYAN,09:30,S,BYCULLA,09:38
CSMT,KALYAN,09:30,S,CHINCHPOKLI,09:40
CSMT,KALYAN,09:30,S,CURREY ROAD,09:42
CSMT,KALYAN,09:30,S,PAREL,09:45
CSMT,KALYAN,09:30,S,DADAR,09:48
CSMT,KALYAN,09:30,S,MATUNGA,09:51
CSMT,KALYAN,09:30,S,SION,09:54
CSMT,KALYAN,09:30,S,KURLA,09:58
CSMT,KALYAN,09:30,S,VIDYAVIHAR,10:01
CSMT,KALYAN,09:30,S,GHATKOPAR,10:04
CSMT,KALYAN,09:30,S,VIKHROLI,10:08
CSMT,KALYAN,09:30,S,KANJUR MARG,10:11
CSMT,KALYAN,09:30,S,BHANDUP,10:14
CSMT,KALYAN,09:30,S,NAHUR,10:17
CSMT,KALYAN,09:30,S,MULUND,10:20
CSMT,KALYAN,09:30,S,THANE,10:25
CSMT,KALYAN,09:30,S,KALVA,10:29
CSMT,KALYAN,09:30,S,MUMBRA,10:35
CSMT,KALYAN,09:30,S,DIVA JN,10:39
CSMT,KALYAN,09:30,S,KOPAR,10:44
CSMT,KALYAN,09:30,S,DOMBIVLI,10:47
CSMT,KALYAN,09:30,S,THAKURLI,10:51
CSMT,KALYAN,09:30,S,KALYAN,10:58
CSMT,DOMBIVLI,09:33,S,CSMT,09:33
CSMT,DOMBIVLI,09:33,S,MASJID,09:36
CSMT,DOMBIVLI,09:33,S,SANDHURST ROAD,09:38
CSMT,DOMBIVLI,09:33,S,BYCULLA,09:41
CSMT,DOMBIVLI,09:33,S,CHINCHPOKLI,09:43
CSMT,DOMBIVLI,09:33,S,CURREY ROAD,09:45
CSMT,DOMBIVLI,09:33,S,PAREL,09:48
CSMT,DOMBIVLI,09:33,S,DADAR,09:51
CSMT,DOMBIVLI,09:33,S,MATUNGA,09:54
CSMT,DOMBIVLI,09:33,S,SION,09:57
CSMT,DOMBIVLI,09:33,S,KURLA,10:01
CSMT,DOMBIVLI,09:33,S,VIDYAVIHAR,10:04
CSMT,DOMBIVLI,09:33,S,GHATKOPAR,10:07
CSMT,DOMBIVLI,09:33,S,VIKHROLI,10:11
CSMT,DOMBIVLI,09:33,S,KANJUR MARG,10:14
CSMT,DOMBIVLI,09:33,S,BHANDUP,10:17
CSMT,DOMBIVLI,09:33,S,NAHUR,10:20
CSMT,DOMBIVLI,09:33,S,MULUND,10:23
CSMT,DOMBIVLI,09:33,S,THANE,10:28
CSMT,DOMBIVLI,09:33,S,KALVA,10:32
CSMT,DOMBIVLI,09:33,S,MUMBRA,10:38
CSMT,DOMBIVLI,09:33,S,DIVA JN,10:42
CSMT,DOMBIVLI,09:33,S,KOPAR,10:47
CSMT,DOMBIVLI,09:33,S,DOMBIVLI,10:50
CSMT,THANE,09:37,S,CSMT,09:37
CSMT,THANE,09:37,S,MASJID,09:40
CSMT,THANE,09:37,S,SANDHURST ROAD,09:42
CSMT,THANE,09:37,S,BYCULLA,09:45
CSMT,THANE,09:37,S,CHINCHPOKLI,09:47
CSMT,THANE,09:37,S,CURREY ROAD,09:49
CSMT,THANE,09:37,S,PAREL,09:52
CSMT,THANE,09:37,S,DADAR,09:55
CSMT,THANE,09:37,S,MATUNGA,09:58
CSMT,THANE,09:37,S,SION,10:01
CSMT,THANE,09:37,S,KURLA,10:05
CSMT,THANE,09:37,S,VIDYAVIHAR,10:08
CSMT,THANE,09:37,S,GHATKOPAR,10:11
CSMT,THANE,09:37,S,VIKHROLI,10:15
CSMT,THANE,09:37,S,KANJUR MARG,10:18
CSMT,THANE,09:37,S,BHANDUP,10:21
CSMT,THANE,09:37,S,NAHUR,10:24
CSMT,THANE,09:37,S,MULUND,10:27
CSMT,THANE,09:37,S,THANE,10:32
CSMT,THANE,09:41,S,CSMT,09:41
CSMT,THANE,09:41,S,MASJID,09:44
CSMT,THANE,09:41,S,SANDHURST ROAD,09:46
CSMT,THANE,09:41,S,BYCULLA,09:49
CSMT,THANE,09:41,S,CHINCHPOKLI,09:51
CSMT,THANE,09:41,S,CURREY ROAD,09:53
CSMT,THANE,09:41,S,PAREL,09:56
CSMT,THANE,09:41,S,DADAR,09:59
CSMT,THANE,09:41,S,MATUNGA,10:02
CSMT,THANE,09:41,S,SION,10:05
CSMT,THANE,09:41,S,KURLA,10:09
CSMT,THANE,09:41,S,VIDYAVIHAR,10:12
CSMT,THANE,09:41,S,GHATKOPAR,10:15
CSMT,THANE,09:41,S,VIKHROLI,10:19
CSMT,THANE,09:41,S,KANJUR MARG,10:22
CSMT,THANE,09:41,S,BHANDUP,10:25
CSMT,THANE,09:41,S,NAHUR,10:28
CSMT,THANE,09:41,S,MULUND,10:31
CSMT,THANE,09:41,S,THANE,10:36
CSMT,KURLA,09:45,S,CSMT,09:45
CSMT,KURLA,09:45,S,MASJID,09:48
CSMT,KURLA,09:45,S,SANDHURST ROAD,09:50
CSMT,KURLA,09:45,S,BYCULLA,09:53
CSMT,KURLA,09:45,S,CHINCHPOKLI,09:55
CSMT,KURLA,09:45,S,CURREY ROAD,09:57
CSMT,KURLA,09:45,S,PAREL,10:00
CSMT,KURLA,09:45,S,DADAR,10:03
CSMT,KURLA,09:45,S,MATUNGA,10:06
CSMT,KURLA,09:45,S,SION,10:09
CSMT,KURLA,09:45,S,KURLA,10:13
CSMT,THANE,09:49,S,CSMT,09:49
CSMT,THANE,09:49,S,MASJID,09:52
CSMT,THANE,09:49,S,SANDHURST ROAD,09:54
CSMT,THANE,09:49,S,BYCULLA,09:57
CSMT,THANE,09:49,S,CHINCHPOKLI,09:59
CSMT,THANE,09:49,S,CURREY ROAD,10:01
CSMT,THANE,09:49,S,PAREL,10:04
CSMT,THANE,09:49,S,DADAR,10:07
CSMT,THANE,09:49,S,MATUNGA,10:10
CSMT,THANE,09:49,S,SION,10:13
CSMT,THANE,09:49,S,KURLA,10:17
CSMT,THANE,09:49,S,VIDYAVIHAR,10:20
CSMT,THANE,09:49,S,GHATKOPAR,10:23
CSMT,THANE,09:49,S,VIKHROLI,10:27
CSMT,THANE,09:49,S,KANJUR MARG,10:30
CSMT,THANE,09:49,S,BHANDUP,10:33
CSMT,THANE,09:49,S,NAHUR,10:36
CSMT,THANE,09:49,S,MULUND,10:39
CSMT,THANE,09:49,S,THANE,10:44
CSMT,TITWALA,09:53,S,CSMT,09:53
CSMT,TITWALA,09:53,S,MASJID,09:56
CSMT,TITWALA,09:53,S,SANDHURST ROAD,09:58
CSMT,TITWALA,09:53,S,BYCULLA,10:01
CSMT,TITWALA,09:53,S,CHINCHPOKLI,10:03
CSMT,TITWALA,09:53,S,CURREY ROAD,10:05
CSMT,TITWALA,09:53,S,PAREL,10:08
CSMT,TITWALA,09:53,S,DADAR,10:11
CSMT,TITWALA,09:53,S,MATUNGA,10:14
CSMT,TITWALA,09:53,S,SION,10:17
CSMT,TITWALA,09:53,S,KURLA,10:21
CSMT,TITWALA,09:53,S,VIDYAVIHAR,10:24
CSMT,TITWALA,09:53,S,GHATKOPAR,10:27
CSMT,TITWALA,09:53,S,VIKHROLI,10:31
CSMT,TITWALA,09:53,S,KANJUR MARG,10:34
CSMT,TITWALA,09:53,S,BHANDUP,10:37
CSMT,TITWALA,09:53,S,NAHUR,10:40
CSMT,TITWALA,09:53,S,MULUND,10:43
CSMT,TITWALA,09:53,S,THANE,10:48
CSMT,TITWALA,09:53,S,KALVA,10:52
CSMT,TITWALA,09:53,S,MUMBRA,10:58
CSMT,TITWALA,09:53,S,DIVA JN,11:02
CSMT,TITWALA,09:53,S,KOPAR,11:07
CSMT,TITWALA,09:53,S,DOMBIVLI,11:10
CSMT,TITWALA,09:53,S,THAKURLI,11:14
CSMT,TITWALA,09:53,S,KALYAN,11:21
CSMT,TITWALA,09:53,S,SHAHAD,11:25
CSMT,TITWALA,09:53,S,AMBIVLI,11:28
CSMT,TITWALA,09:53,S,TITWALA,11:34
CSMT,GHATKOPAR,09:57,S,CSMT,09:57
CSMT,GHATKOPAR,09:57,S,MASJID,10:00
CSMT,GHATKOPAR,09:57,S,SANDHURST ROAD,10:02
CSMT,GHATKOPAR,09:57,S,BYCULLA,10:05
CSMT,GHATKOPAR,09:57,S,CHINCHPOKLI,10:07
CSMT,GHATKOPAR,09:57,S,CURREY ROAD,10:09
CSMT,GHATKOPAR,09:57,S,PAREL,10:12
CSMT,GHATKOPAR,09:57,S,DADAR,10:15
CSMT,GHATKOPAR,09:57,S,MATUNGA,10:18
CSMT,GHATKOPAR,09:57,S,SION,10:21
CSMT,GHATKOPAR,09:57,S,KURLA,10:25
CSMT,GHATKOPAR,09:57,S,VIDYAVIHAR,10:28
CSMT,GHATKOPAR,09:57,S,GHATKOPAR,10:31
CSMT,KURLA,10:02,S,CSMT,10:02
CSMT,KURLA,10:02,S,MASJID,10:05
CSMT,KURLA,10:02,S,SANDHURST ROAD,10:07
CSMT,KURLA,10:02,S,BYCULLA,10:10
CSMT,KURLA,10:02,S,CHINCHPOKLI,10:12
CSMT,KURLA,10:02,S,CURREY ROAD,10:14
CSMT,KURLA,10:02,S,PAREL,10:17
CSMT,KURLA,10:02,S,DADAR,10:20
CSMT,KURLA,10:02,S,MATUNGA,10:23
CSMT,KURLA,10:02,S,SION,10:26
CSMT,KURLA,10:02,S,KURLA,10:30
CSMT,KALYAN,10:06,S,CSMT,10:06
CSMT,KALYAN,10:06,S,MASJID,10:09
CSMT,KALYAN,10:06,S,SANDHURST ROAD,10:11
CSMT,KALYAN,10:06,S,BYCULLA,10:14
CSMT,KALYAN,10:06,S,CHINCHPOKLI,10:16
CSMT,KALYAN,10:06,S,CURREY ROAD,10:18
CSMT,KALYAN,10:06,S,PAREL,10:21
CSMT,KALYAN,10:06,S,DADAR,10:24
CSMT,KALYAN,10:06,S,MATUNGA,10:27
CSMT,KALYAN,10:06,S,SION,10:30
CSMT,KALYAN,10:06,S,KURLA,10:34
CSMT,KALYAN,10:06,S,VIDYAVIHAR,10:37
CSMT,KALYAN,10:06,S,GHATKOPAR,10:40
CSMT,KALYAN,10:06,S,VIKHROLI,10:44
CSMT,KALYAN,10:06,S,KANJUR MARG,10:47
CSMT,KALYAN,10:06,S,BHANDUP,10:50
CSMT,KALYAN,10:06,S,NAHUR,10:53
CSMT,KALYAN,10:06,S,MULUND,10:56
CSMT,KALYAN,10:06,S,THANE,11:01
CSMT,KALYAN,10:06,S,KALVA,11:05
CSMT,KALYAN,10:06,S,MUMBRA,11:11
CSMT,KALYAN,10:06,S,DIVA JN,11:15
CSMT,KALYAN,10:06,S,KOPAR,11:20
CSMT,KALYAN,10:06,S,DOMBIVLI,11:23
CSMT,KALYAN,10:06,S,THAKURLI,11:27
CSMT,KALYAN,10:06,S,KALYAN,11:34
CSMT,THANE,10:10,S,CSMT,10:10
CSMT,THANE,10:10,S,MASJID,10:13
CSMT,THANE,10:10,S,SANDHURST ROAD,10:15
CSMT,THANE,10:10,S,BYCULLA,10:18
CSMT,THANE,10:10,S,CHINCHPOKLI,10:20
CSMT,THANE,10:10,S,CURREY ROAD,10:22
CSMT,THANE,10:10,S,PAREL,10:25
CSMT,THANE,10:10,S,DADAR,10:28
CSMT,THANE,10:10,S,MATUNGA,10:31
CSMT,THANE,10:10,S,SION,10:34
CSMT,THANE,10:10,S,KURLA,10:38
CSMT,THANE,10:10,S,VIDYAVIHAR,10:41
CSMT,THANE,10:10,S,GHATKOPAR,10:44
CSMT,THANE,10:10,S,VIKHROLI,10:48
CSMT,THANE,10:10,S,KANJUR MARG,10:51
CSMT,THANE,10:10,S,BHANDUP,10:54
CSMT,THANE,10:10,S,NAHUR,10:57
CSMT,THANE,10:10,S,MULUND,11:00
CSMT,THANE,10:10,S,THANE,11:05
CSMT,KALYAN,10:14,S,CSMT,10:14
CSMT,KALYAN,10:14,S,MASJID,10:17
CSMT,KALYAN,10:14,S,SANDHURST ROAD,10:19
CSMT,KALYAN,10:14,S,BYCULLA,10:22
CSMT,KALYAN,10:14,S,CHINCHPOKLI,10:24
CSMT,KALYAN,10:14,S,CURREY ROAD,10:26
CSMT,KALYAN,10:14,S,PAREL,10:29
CSMT,KALYAN,10:14,S,DADAR,10:32
CSMT,KALYAN,10:14,S,MATUNGA,10:35
CSMT,KALYAN,10:14,S,SION,10:38
CSMT,KALYAN,10:14,S,KURLA,10:42
CSMT,KALYAN,10:14,S,VIDYAVIHAR,10:45
CSMT,KALYAN,10:14,S,GHATKOPAR,10:48
CSMT,KALYAN,10:14,S,VIKHROLI,10:52
CSMT,KALYAN,10:14,S,KANJUR MARG,10:55
CSMT,KALYAN,10:14,S,BHANDUP,10:58
CSMT,KALYAN,10:14,S,NAHUR,11:01
CSMT,KALYAN,10:14,S,MULUND,11:04
CSMT,KALYAN,10:14,S,THANE,11:09
CSMT,KALYAN,10:14,S,KALVA,11:13
CSMT,KALYAN,10:14,S,MUMBRA,11:19
CSMT,KALYAN,10:14,S,DIVA JN,11:23
CSMT,KALYAN,10:14,S,KOPAR,11:28
CSMT,KALYAN,10:14,S,DOMBIVLI,11:31
CSMT,KALYAN,10:14,S,THAKURLI,11:35
CSMT,KALYAN,10:14,S,KALYAN,11:42
CSMT,THANE,10:18,S,CSMT,10:18
CSMT,THANE,10:18,S,MASJID,10:21
CSMT,THANE,10:18,S,SANDHURST ROAD,10:23
CSMT,THANE,10:18,S,BYCULLA,10:26
CSMT,THANE,10:18,S,CHINCHPOKLI,10:28
CSMT,THANE,10:18,S,CURREY ROAD,10:30
CSMT,THANE,10:18,S,PAREL,10:33
CSMT,THANE,10:18,S,DADAR,10:36
CSMT,THANE,10:18,S,MATUNGA,10:39
CSMT,THANE,10:18,S,SION,10:42
CSMT,THANE,10:18,S,KURLA,10:46
CSMT,THANE,10:18,S,VIDYAVIHAR,10:49
CSMT,THANE,10:18,S,GHATKOPAR,10:52
CSMT,THANE,10:18,S,VIKHROLI,10:56
CSMT,THANE,10:18,S,KANJUR MARG,10:59
CSMT,THANE,10:18,S,BHANDUP,11:02
CSMT,THANE,10:18,S,NAHUR,11:05
CSMT,THANE,10:18,S,MULUND,11:08
CSMT,THANE,10:18,S,THANE,11:13
CSMT,DOMBIVLI,10:22,S,CSMT,10:22
CSMT,DOMBIVLI,10:22,S,MASJID,10:25
CSMT,DOMBIVLI,10:22,S,SANDHURST ROAD,10:27
CSMT,DOMBIVLI,10:22,S,BYCULLA,10:30
CSMT,DOMBIVLI,10:22,S,CHINCHPOKLI,10:32
CSMT,DOMBIVLI,10:22,S,CURREY ROAD,10:34
CSMT,DOMBIVLI,10:22,S,PAREL,10:37
CSMT,DOMBIVLI,10:22,S,DADAR,10:40
CSMT,DOMBIVLI,10:22,S,MATUNGA,10:43
CSMT,DOMBIVLI,10:22,S,SION,10:46
CSMT,DOMBIVLI,10:22,S,KURLA,10:50
CSMT,DOMBIVLI,10:22,S,VIDYAVIHAR,10:53
CSMT,DOMBIVLI,10:22,S,GHATKOPAR,10:56
CSMT,DOMBIVLI,10:22,S,VIKHROLI,11:00
CSMT,DOMBIVLI,10:22,S,KANJUR MARG,11:03
CSMT,DOMBIVLI,10:22,S,BHANDUP,11:06
CSMT,DOMBIVLI,10:22,S,NAHUR,11:09
CSMT,DOMBIVLI,10:22,S,MULUND,11:12
CSMT,DOMBIVLI,10:22,S,THANE,11:17
CSMT,DOMBIVLI,10:22,S,KALVA,11:21
CSMT,DOMBIVLI,10:22,S,MUMBRA,11:27
CSMT,DOMBIVLI,10:22,S,DIVA JN,11:31
CSMT,DOMBIVLI,10:22,S,KOPAR,11:36
CSMT,DOMBIVLI,10:22,S,DOMBIVLI,11:39
CSMT,THANE,10:26,S,CSMT,10:26
CSMT,THANE,10:26,S,MASJID,10:29
CSMT,THANE,10:26,S,SANDHURST ROAD,10:31
CSMT,THANE,10:26,S,BYCULLA,10:34
CSMT,THANE,10:26,S,CHINCHPOKLI,10:36
CSMT,THANE,10:26,S,CURREY ROAD,10:38
CSMT,THANE,10:26,S,PAREL,10:41
CSMT,THANE,10:26,S,DADAR,10:44
CSMT,THANE,10:26,S,MATUNGA,10:47
CSMT,THANE,10:26,S,SION,10:50
CSMT,THANE,10:26,S,KURLA,10:54
CSMT,THANE,10:26,S,VIDYAVIHAR,10:57
CSMT,THANE,10:26,S,GHATKOPAR,11:00
CSMT,THANE,10:26,S,VIKHROLI,11:04
CSMT,THANE,10:26,S,KANJUR MARG,11:07
CSMT,THANE,10:26,S,BHANDUP,11:10
CSMT,THANE,10:26,S,NAHUR,11:13
CSMT,THANE,10:26,S,MULUND,11:16
CSMT,THANE,10:26,S,THANE,11:21
CSMT,KURLA,10:30,S,CSMT,10:30
CSMT,KURLA,10:30,S,MASJID,10:33
CSMT,KURLA,10:30,S,SANDHURST ROAD,10:35
CSMT,KURLA,10:30,S,BYCULLA,10:38
CSMT,KURLA,10:30,S,CHINCHPOKLI,10:40
CSMT,KURLA,10:30,S,CURREY ROAD,10:42
CSMT,KURLA,10:30,S,PAREL,10:45
CSMT,KURLA,10:30,S,DADAR,10:48
CSMT,KURLA,10:30,S,MATUNGA,10:51
CSMT,KURLA,10:30,S,SION,10:54
CSMT,KURLA,10:30,S,KURLA,10:58
CSMT,DOMBIVLI,10:34,S,CSMT,10:34
CSMT,DOMBIVLI,10:34,S,MASJID,10:37
CSMT,DOMBIVLI,10:34,S,SANDHURST ROAD,10:39
CSMT,DOMBIVLI,10:34,S,BYCULLA,10:42
CSMT,DOMBIVLI,10:34,S,CHINCHPOKLI,10:44
CSMT,DOMBIVLI,10:34,S,CURREY ROAD,10:46
CSMT,DOMBIVLI,10:34,S,PAREL,10:49
CSMT,DOMBIVLI,10:34,S,DADAR,10:52
CSMT,DOMBIVLI,10:34,S,MATUNGA,10:55
CSMT,DOMBIVLI,10:34,S,SION,10:58
CSMT,DOMBIVLI,10:34,S,KURLA,11:02
CSMT,DOMBIVLI,10:34,S,VIDYAVIHAR,11:05
CSMT,DOMBIVLI,10:34,S,GHATKOPAR,11:08
CSMT,DOMBIVLI,10:34,S,VIKHROLI,11:12
CSMT,DOMBIVLI,10:34,S,KANJUR MARG,11:15
CSMT,DOMBIVLI,10:34,S,BHANDUP,11:18
CSMT,DOMBIVLI,10:34,S,NAHUR,11:21
CSMT,DOMBIVLI,10:34,S,MULUND,11:24
CSMT,DOMBIVLI,10:34,S,THANE,11:29
CSMT,DOMBIVLI,10:34,S,KALVA,11:33
CSMT,DOMBIVLI,10:34,S,MUMBRA,11:39
CSMT,DOMBIVLI,10:34,S,DIVA JN,11:43
CSMT,DOMBIVLI,10:34,S,KOPAR,11:48
CSMT,DOMBIVLI,10:34,S,DOMBIVLI,11:51
CSMT,THANE,10:40,S,CSMT,10:40
CSMT,THANE,10:40,S,MASJID,10:43
CSMT,THANE,10:40,S,SANDHURST ROAD,10:45
CSMT,THANE,10:40,S,BYCULLA,10:48
CSMT,THANE,10:40,S,CHINCHPOKLI,10:50
CSMT,THANE,10:40,S,CURREY ROAD,10:52
CSMT,THANE,10:40,S,PAREL,10:55
CSMT,THANE,10:40,S,DADAR,10:58
CSMT,THANE,10:40,S,MATUNGA,11:01
CSMT,THANE,10:40,S,SION,11:04
CSMT,THANE,10:40,S,KURLA,11:08
CSMT,THANE,10:40,S,VIDYAVIHAR,11:11
CSMT,THANE,10:40,S,GHATKOPAR,11:14
CSMT,THANE,10:40,S,VIKHROLI,11:18
CSMT,THANE,10:40,S,KANJUR MARG,11:21
CSMT,THANE,10:40,S,BHANDUP,11:24
CSMT,THANE,10:40,S,NAHUR,11:27
CSMT,THANE,10:40,S,MULUND,11:30
CSMT,THANE,10:40,S,THANE,11:35
CSMT,KURLA,10:44,S,CSMT,10:44
CSMT,KURLA,10:44,S,MASJID,10:47
CSMT,KURLA,10:44,S,SANDHURST ROAD,10:49
CSMT,KURLA,10:44,S,BYCULLA,10:52
CSMT,KURLA,10:44,S,CHINCHPOKLI,10:54
CSMT,KURLA,10:44,S,CURREY ROAD,10:56
CSMT,KURLA,10:44,S,PAREL,10:59
CSMT,KURLA,10:44,S,DADAR,11:02
CSMT,KURLA,10:44,S,MATUNGA,11:05
CSMT,KURLA,10:44,S,SION,11:08
CSMT,KURLA,10:44,S,KURLA,11:12
CSMT,KALYAN,10:48,S,CSMT,10:48
CSMT,KALYAN,10:48,S,MASJID,10:51
CSMT,KALYAN,10:48,S,SANDHURST ROAD,10:53
CSMT,KALYAN,10:48,S,BYCULLA,10:56
CSMT,KALYAN,10:48,S,CHINCHPOKLI,10:58
CSMT,KALYAN,10:48,S,CURREY ROAD,11:00
CSMT,KALYAN,10:48,S,PAREL,11:03
CSMT,KALYAN,10:48,S,DADAR,11:06
CSMT,KALYAN,10:48,S,MATUNGA,11:09
CSMT,KALYAN,10:48,S,SION,11:12
CSMT,KALYAN,10:48,S,KURLA,11:16
CSMT,KALYAN,10:48,S,VIDYAVIHAR,11:19
CSMT,KALYAN,10:48,S,GHATKOPAR,11:22
CSMT,KALYAN,10:48,S,VIKHROLI,11:26
CSMT,KALYAN,10:48,S,KANJUR MARG,11:29
CSMT,KALYAN,10:48,S,BHANDUP,11:32
CSMT,KALYAN,10:48,S,NAHUR,11:35
CSMT,KALYAN,10:48,S,MULUND,11:38
CSMT,KALYAN,10:48,S,THANE,11:43
CSMT,KALYAN,10:48,S,KALVA,11:47
CSMT,KALYAN,10:48,S,MUMBRA,11:53
CSMT,KALYAN,10:48,S,DIVA JN,11:57
CSMT,KALYAN,10:48,S,KOPAR,12:02
CSMT,KALYAN,10:48,S,DOMBIVLI,12:05
CSMT,KALYAN,10:48,S,THAKURLI,12:09
CSMT,KALYAN,10:48,S,KALYAN,12:16
CSMT,THANE,10:51,S,CSMT,10:51
CSMT,THANE,10:51,S,MASJID,10:54
CSMT,THANE,10:51,S,SANDHURST ROAD,10:56
CSMT,THANE,10:51,S,BYCULLA,10:59
CSMT,THANE,10:51,S,CHINCHPOKLI,11:01
CSMT,THANE,10:51,S,CURREY ROAD,11:03
CSMT,THANE,10:51,S,PAREL,11:06
CSMT,THANE,10:51,S,DADAR,11:09
CSMT,THANE,10:51,S,MATUNGA,11:12
CSMT,THANE,10:51,S,SION,11:15
CSMT,THANE,10:51,S,KURLA,11:19
CSMT,THANE,10:51,S,VIDYAVIHAR,11:22
CSMT,THANE,10:51,S,GHATKOPAR,11:25
CSMT,THANE,10:51,S,VIKHROLI,11:29
CSMT,THANE,10:51,S,KANJUR MARG,11:32
CSMT,THANE,10:51,S,BHANDUP,11:35
CSMT,THANE,10:51,S,NAHUR,11:38
CSMT,THANE,10:51,S,MULUND,11:41
CSMT,THANE,10:51,S,THANE,11:46
CSMT,THANE,10:56,S,CSMT,10:56
CSMT,THANE,10:56,S,MASJID,10:59
CSMT,THANE,10:56,S,SANDHURST ROAD,11:01
CSMT,THANE,10:56,S,BYCULLA,11:04
CSMT,THANE,10:56,S,CHINCHPOKLI,11:06
CSMT,THANE,10:56,S,CURREY ROAD,11:08
CSMT,THANE,10:56,S,PAREL,11:11
CSMT,THANE,10:56,S,DADAR,11:14
CSMT,THANE,10:56,S,MATUNGA,11:17
CSMT,THANE,10:56,S,SION,11:20
CSMT,THANE,10:56,S,KURLA,11:24
CSMT,THANE,10:56,S,VIDYAVIHAR,11:27
CSMT,THANE,10:56,S,GHATKOPAR,11:30
CSMT,THANE,10:56,S,VIKHROLI,11:34
CSMT,THANE,10:56,S,KANJUR MARG,11:37
CSMT,THANE,10:56,S,BHANDUP,11:40
CSMT,THANE,10:56,S,NAHUR,11:43
CSMT,THANE,10:56,S,MULUND,11:46
CSMT,THANE,10:56,S,THANE,11:51
CSMT,KURLA,11:00,S,CSMT,11:00
CSMT,KURLA,11:00,S,MASJID,11:03
CSMT,KURLA,11:00,S,SANDHURST ROAD,11:05
CSMT,KURLA,11:00,S,BYCULLA,11:08
CSMT,KURLA,11:00,S,CHINCHPOKLI,11:10
CSMT,KURLA,11:00,S,CURREY ROAD,11:12
CSMT,KURLA,11:00,S,PAREL,11:15
CSMT,KURLA,11:00,S,DADAR,11:18
CSMT,KURLA,11:00,S,MATUNGA,11:21
CSMT,KURLA,11:00,S,SION,11:24
CSMT,KURLA,11:00,S,KURLA,11:28
CSMT,TITWALA,11:04,S,CSMT,11:04
CSMT,TITWALA,11:04,S,MASJID,11:07
CSMT,TITWALA,11:04,S,SANDHURST ROAD,11:09
CSMT,TITWALA,11:04,S,BYCULLA,11:12
CSMT,TITWALA,11:04,S,CHINCHPOKLI,11:14
CSMT,TITWALA,11:04,S,CURREY ROAD,11:16
CSMT,TITWALA,11:04,S,PAREL,11:19
CSMT,TITWALA,11:04,S,DADAR,11:22
CSMT,TITWALA,11:04,S,MATUNGA,11:25
CSMT,TITWALA,11:04,S,SION,11:28
CSMT,TITWALA,11:04,S,KURLA,11:32
CSMT,TITWALA,11:04,S,VIDYAVIHAR,11:35
CSMT,TITWALA,11:04,S,GHATKOPAR,11:38
CSMT,TITWALA,11:04,S,VIKHROLI,11:42
CSMT,TITWALA,11:04,S,KANJUR MARG,11:45
CSMT,TITWALA,11:04,S,BHANDUP,11:48
CSMT,TITWALA,11:04,S,NAHUR,11:51
CSMT,TITWALA,11:04,S,MULUND,11:54
CSMT,TITWALA,11:04,S,THANE,11:59
CSMT,TITWALA,11:04,S,KALVA,12:03
CSMT,TITWALA,11:04,S,MUMBRA,12:09
CSMT,TITWALA,11:04,S,DIVA JN,12:13
CSMT,TITWALA,11:04,S,KOPAR,12:18
CSMT,TITWALA,11:04,S,DOMBIVLI,12:21
CSMT,TITWALA,11:04,S,THAKURLI,12:25
CSMT,TITWALA,11:04,S,KALYAN,12:32
CSMT,TITWALA,11:04,S,SHAHAD,12:36
CSMT,TITWALA,11:04,S,AMBIVLI,12:39
CSMT,TITWALA,11:04,S,TITWALA,12:45
CSMT,THANE,11:08,S,CSMT,11:08
CSMT,THANE,11:08,S,MASJID,11:11
CSMT,THANE,11:08,S,SANDHURST ROAD,11:13
CSMT,THANE,11:08,S,BYCULLA,11:16
CSMT,THANE,11:08,S,CHINCHPOKLI,11:18
CSMT,THANE,11:08,S,CURREY ROAD,11:20
CSMT,THANE,11:08,S,PAREL,11:23
CSMT,THANE,11:08,S,DADAR,11:26
CSMT,THANE,11:08,S,MATUNGA,11:29
CSMT,THANE,11:08,S,SION,11:32
CSMT,THANE,11:08,S,KURLA,11:36
CSMT,THANE,11:08,S,VIDYAVIHAR,11:39
CSMT,THANE,11:08,S,GHATKOPAR,11:42
CSMT,THANE,11:08,S,VIKHROLI,11:46
CSMT,THANE,11:08,S,KANJUR MARG,11:49
CSMT,THANE,11:08,S,BHANDUP,11:52
CSMT,THANE,11:08,S,NAHUR,11:55
CSMT,THANE,11:08,S,MULUND,11:58
CSMT,THANE,11:08,S,THANE,12:03
CSMT,KURLA,11:12,S,CSMT,11:12
CSMT,KURLA,11:12,S,MASJID,11:15
CSMT,KURLA,11:12,S,SANDHURST ROAD,11:17
CSMT,KURLA,11:12,S,BYCULLA,11:20
CSMT,KURLA,11:12,S,CHINCHPOKLI,11:22
CSMT,KURLA,11:12,S,CURREY ROAD,11:24
CSMT,KURLA,11:12,S,PAREL,11:27
CSMT,KURLA,11:12,S,DADAR,11:30
CSMT,KURLA,11:12,S,MATUNGA,11:33
CSMT,KURLA,11:12,S,SION,11:36
CSMT,KURLA,11:12,S,KURLA,11:40
CSMT,THANE,11:16,S,CSMT,11:16
CSMT,THANE,11:16,S,MASJID,11:19
CSMT,THANE,11:16,S,SANDHURST ROAD,11:21
CSMT,THANE,11:16,S,BYCULLA,11:24
CSMT,THANE,11:16,S,CHINCHPOKLI,11:26
CSMT,THANE,11:16,S,CURREY ROAD,11:28
CSMT,THANE,11:16,S,PAREL,11:31
CSMT,THANE,11:16,S,DADAR,11:34
CSMT,THANE,11:16,S,MATUNGA,11:37
CSMT,THANE,11:16,S,SION,11:40
CSMT,THANE,11:16,S,KURLA,11:44
CSMT,THANE,11:16,S,VIDYAVIHAR,11:47
CSMT,THANE,11:16,S,GHATKOPAR,11:50
CSMT,THANE,11:16,S,VIKHROLI,11:54
CSMT,THANE,11:16,S,KANJUR MARG,11:57
CSMT,THANE,11:16,S,BHANDUP,12:00
CSMT,THANE,11:16,S,NAHUR,12:03
CSMT,THANE,11:16,S,MULUND,12:06
CSMT,THANE,11:16,S,THANE,12:11
CSMT,KALYAN,11:20,S,CSMT,11:20
CSMT,KALYAN,11:20,S,MASJID,11:23
CSMT,KALYAN,11:20,S,SANDHURST ROAD,11:25
CSMT,KALYAN,11:20,S,BYCULLA,11:28
CSMT,KALYAN,11:20,S,CHINCHPOKLI,11:30
CSMT,KALYAN,11:20,S,CURREY ROAD,11:32
CSMT,KALYAN,11:20,S,PAREL,11:35
CSMT,KALYAN,11:20,S,DADAR,11:38
CSMT,KALYAN,11:20,S,MATUNGA,11:41
CSMT,KALYAN,11:20,S,SION,11:44
CSMT,KALYAN,11:20,S,KURLA,11:48
CSMT,KALYAN,11:20,S,VIDYAVIHAR,11:51
CSMT,KALYAN,11:20,S,GHATKOPAR,11:54
CSMT,KALYAN,11:20,S,VIKHROLI,11:58
CSMT,KALYAN,11:20,S,KANJUR MARG,12:01
CSMT,KALYAN,11:20,S,BHANDUP,12:04
CSMT,KALYAN,11:20,S,NAHUR,12:07
CSMT,KALYAN,11:20,S,MULUND,12:10
CSMT,KALYAN,11:20,S,THANE,12:15
CSMT,KALYAN,11:20,S,KALVA,12:19
CSMT,KALYAN,11:20,S,MUMBRA,12:25
CSMT,KALYAN,11:20,S,DIVA JN,12:29
CSMT,KALYAN,11:20,S,KOPAR,12:34
CSMT,KALYAN,11:20,S,DOMBIVLI,12:37
CSMT,KALYAN,11:20,S,THAKURLI,12:41
CSMT,KALYAN,11:20,S,KALYAN,12:48
CSMT,TITWALA,11:24,S,CSMT,11:24
CSMT,TITWALA,11:24,S,MASJID,11:27
CSMT,TITWALA,11:24,S,SANDHURST ROAD,11:29
CSMT,TITWALA,11:24,S,BYCULLA,11:32
CSMT,TITWALA,11:24,S,CHINCHPOKLI,11:34
CSMT,TITWALA,11:24,S,CURREY ROAD,11:36
CSMT,TITWALA,11:24,S,PAREL,11:39
CSMT,TITWALA,11:24,S,DADAR,11:42
CSMT,TITWALA,11:24,S,MATUNGA,11:45
CSMT,TITWALA,11:24,S,SION,11:48
CSMT,TITWALA,11:24,S,KURLA,11:52
CSMT,TITWALA,11:24,S,VIDYAVIHAR,11:55
CSMT,TITWALA,11:24,S,GHATKOPAR,11:58
CSMT,TITWALA,11:24,S,VIKHROLI,12:02
CSMT,TITWALA,11:24,S,KANJUR MARG,12:05
CSMT,TITWALA,11:24,S,BHANDUP,12:08
CSMT,TITWALA,11:24,S,NAHUR,12:11
CSMT,TITWALA,11:24,S,MULUND,12:14
CSMT,TITWALA,11:24,S,THANE,12:19
CSMT,TITWALA,11:24,S,KALVA,12:23
CSMT,TITWALA,11:24,S,MUMBRA,12:29
CSMT,TITWALA,11:24,S,DIVA JN,12:33
CSMT,TITWALA,11:24,S,KOPAR,12:38
CSMT,TITWALA,11:24,S,DOMBIVLI,12:41
CSMT,TITWALA,11:24,S,THAKURLI,12:45
CSMT,TITWALA,11:24,S,KALYAN,12:52
CSMT,TITWALA,11:24,S,SHAHAD,12:56
CSMT,TITWALA,11:24,S,AMBIVLI,12:59
CSMT,TITWALA,11:24,S,TITWALA,13:05
CSMT,DOMBIVLI,11:30,S,CSMT,11:30
CSMT,DOMBIVLI,11:30,S,MASJID,11:33
CSMT,DOMBIVLI,11:30,S,SANDHURST ROAD,11:35
CSMT,DOMBIVLI,11:30,S,BYCULLA,11:38
CSMT,DOMBIVLI,11:30,S,CHINCHPOKLI,11:40
CSMT,DOMBIVLI,11:30,S,CURREY ROAD,11:42
CSMT,DOMBIVLI,11:30,S,PAREL,11:45
CSMT,DOMBIVLI,11:30,S,DADAR,11:48
CSMT,DOMBIVLI,11:30,S,MATUNGA,11:51
CSMT,DOMBIVLI,11:30,S,SION,11:54
CSMT,DOMBIVLI,11:30,S,KURLA,11:58
CSMT,DOMBIVLI,11:30,S,VIDYAVIHAR,12:01
CSMT,DOMBIVLI,11:30,S,GHATKOPAR,12:04
CSMT,DOMBIVLI,11:30,S,VIKHROLI,12:08
CSMT,DOMBIVLI,11:30,S,KANJUR MARG,12:11
CSMT,DOMBIVLI,11:30,S,BHANDUP,12:14
CSMT,DOMBIVLI,11:30,S,NAHUR,12:17
CSMT,DOMBIVLI,11:30,S,MULUND,12:20
CSMT,DOMBIVLI,11:30,S,THANE,12:25
CSMT,DOMBIVLI,11:30,S,KALVA,12:29
CSMT,DOMBIVLI,11:30,S,MUMBRA,12:35
CSMT,DOMBIVLI,11:30,S,DIVA JN,12:39
CSMT,DOMBIVLI,11:30,S,KOPAR,12:44
CSMT,DOMBIVLI,11:30,S,DOMBIVLI,12:47
CSMT,THANE,11:36,S,CSMT,11:36
CSMT,THANE,11:36,S,MASJID,11:39
CSMT,THANE,11:36,S,SANDHURST ROAD,11:41
CSMT,THANE,11:36,S,BYCULLA,11:44
CSMT,THANE,11:36,S,CHINCHPOKLI,11:46
CSMT,THANE,11:36,S,CURREY ROAD,11:48
CSMT,THANE,11:36,S,PAREL,11:51
CSMT,THANE,11:36,S,DADAR,11:54
CSMT,THANE,11:36,S,MATUNGA,11:57
CSMT,THANE,11:36,S,SION,12:00
CSMT,THANE,11:36,S,KURLA,12:04
CSMT,THANE,11:36,S,VIDYAVIHAR,12:07
CSMT,THANE,11:36,S,GHATKOPAR,12:10
CSMT,THANE,11:36,S,VIKHROLI,12:14
CSMT,THANE,11:36,S,KANJUR MARG,12:17
CSMT,THANE,11:36,S,BHANDUP,12:20
CSMT,THANE,11:36,S,NAHUR,12:23
CSMT,THANE,11:36,S,MULUND,12:26
CSMT,THANE,11:36,S,THANE,12:31
CSMT,AMBERNATH,11:40,S,CSMT,11:40
CSMT,AMBERNATH,11:40,S,MASJID,11:43
CSMT,AMBERNATH,11:40,S,SANDHURST ROAD,11:45
CSMT,AMBERNATH,11:40,S,BYCULLA,11:48
CSMT,AMBERNATH,11:40,S,CHINCHPOKLI,11:50
CSMT,AMBERNATH,11:40,S,CURREY ROAD,11:52
CSMT,AMBERNATH,11:40,S,PAREL,11:55
CSMT,AMBERNATH,11:40,S,DADAR,11:58
CSMT,AMBERNATH,11:40,S,MATUNGA,12:01
CSMT,AMBERNATH,11:40,S,SION,12:04
CSMT,AMBERNATH,11:40,S,KURLA,12:08
CSMT,AMBERNATH,11:40,S,VIDYAVIHAR,12:11
CSMT,AMBERNATH,11:40,S,GHATKOPAR,12:14
CSMT,AMBERNATH,11:40,S,VIKHROLI,12:18
CSMT,AMBERNATH,11:40,S,KANJUR MARG,12:21
CSMT,AMBERNATH,11:40,S,BHANDUP,12:24
CSMT,AMBERNATH,11:40,S,NAHUR,12:27
CSMT,AMBERNATH,11:40,S,MULUND,12:30
CSMT,AMBERNATH,11:40,S,THANE,12:35
CSMT,AMBERNATH,11:40,S,KALVA,12:39
CSMT,AMBERNATH,11:40,S,MUMBRA,12:45
CSMT,AMBERNATH,11:40,S,DIVA JN,12:49
CSMT,AMBERNATH,11:40,S,KOPAR,12:54
CSMT,AMBERNATH,11:40,S,DOMBIVLI,12:57
CSMT,AMBERNATH,11:40,S,THAKURLI,13:01
CSMT,AMBERNATH,11:40,S,KALYAN,13:08
CSMT,AMBERNATH,11:40,S,VITHALWADI,13:12
CSMT,AMBERNATH,11:40,S,ULHAS NAGAR,13:15
CSMT,AMBERNATH,11:40,S,AMBERNATH,13:19
CSMT,THANE,11:45,S,CSMT,11:45
CSMT,THANE,11:45,S,MASJID,11:48
CSMT,THANE,11:45,S,SANDHURST ROAD,11:50
CSMT,THANE,11:45,S,BYCULLA,11:53
CSMT,THANE,11:45,S,CHINCHPOKLI,11:55
CSMT,THANE,11:45,S,CURREY ROAD,11:57
CSMT,THANE,11:45,S,PAREL,12:00
CSMT,THANE,11:45,S,DADAR,12:03
CSMT,THANE,11:45,S,MATUNGA,12:06
CSMT,THANE,11:45,S,SION,12:09
CSMT,THANE,11:45,S,KURLA,12:13
CSMT,THANE,11:45,S,VIDYAVIHAR,12:16
CSMT,THANE,11:45,S,GHATKOPAR,12:19
CSMT,THANE,11:45,S,VIKHROLI,12:23
CSMT,THANE,11:45,S,KANJUR MARG,12:26
CSMT,THANE,11:45,S,BHANDUP,12:29
CSMT,THANE,11:45,S,NAHUR,12:32
CSMT,THANE,11:45,S,MULUND,12:35
CSMT,THANE,11:45,S,THANE,12:40
CSMT,KALYAN,11:50,S,CSMT,11:50
CSMT,KALYAN,11:50,S,MASJID,11:53
CSMT,KALYAN,11:50,S,SANDHURST ROAD,11:55
CSMT,KALYAN,11:50,S,BYCULLA,11:58
CSMT,KALYAN,11:50,S,CHINCHPOKLI,12:00
CSMT,KALYAN,11:50,S,CURREY ROAD,12:02
CSMT,KALYAN,11:50,S,PAREL,12:05
CSMT,KALYAN,11:50,S,DADAR,12:08
CSMT,KALYAN,11:50,S,MATUNGA,12:11
CSMT,KALYAN,11:50,S,SION,12:14
CSMT,KALYAN,11:50,S,KURLA,12:18
CSMT,KALYAN,11:50,S,VIDYAVIHAR,12:21
CSMT,KALYAN,11:50,S,GHATKOPAR,12:24
CSMT,KALYAN,11:50,S,VIKHROLI,12:28
CSMT,KALYAN,11:50,S,KANJUR MARG,12:31
CSMT,KALYAN,11:50,S,BHANDUP,12:34
CSMT,KALYAN,11:50,S,NAHUR,12:37
CSMT,KALYAN,11:50,S,MULUND,12:40
CSMT,KALYAN,11:50,S,THANE,12:45
CSMT,KALYAN,11:50,S,KALVA,12:49
CSMT,KALYAN,11:50,S,MUMBRA,12:55
CSMT,KALYAN,11:50,S,DIVA JN,12:59
CSMT,KALYAN,11:50,S,KOPAR,13:04
CSMT,KALYAN,11:50,S,DOMBIVLI,13:07
CSMT,KALYAN,11:50,S,THAKURLI,13:11
CSMT,KALYAN,11:50,S,KALYAN,13:18
CSMT,TITWALA,11:54,S,CSMT,11:54
CSMT,TITWALA,11:54,S,MASJID,11:57
CSMT,TITWALA,11:54,S,SANDHURST ROAD,11:59
CSMT,TITWALA,11:54,S,BYCULLA,12:02
CSMT,TITWALA,11:54,S,CHINCHPOKLI,12:04
CSMT,TITWALA,11:54,S,CURREY ROAD,12:06
CSMT,TITWALA,11:54,S,PAREL,12:09
CSMT,TITWALA,11:54,S,DADAR,12:12
CSMT,TITWALA,11:54,S,MATUNGA,12:15
CSMT,TITWALA,11:54,S,SION,12:18
CSMT,TITWALA,11:54,S,KURLA,12:22
CSMT,TITWALA,11:54,S,VIDYAVIHAR,12:25
CSMT,TITWALA,11:54,S,GHATKOPAR,12:28
CSMT,TITWALA,11:54,S,VIKHROLI,12:32
CSMT,TITWALA,11:54,S,KANJUR MARG,12:35
CSMT,TITWALA,11:54,S,BHANDUP,12:38
CSMT,TITWALA,11:54,S,NAHUR,12:41
CSMT,TITWALA,11:54,S,MULUND,12:44
CSMT,TITWALA,11:54,S,THANE,12:49
CSMT,TITWALA,11:54,S,KALVA,12:53
CSMT,TITWALA,11:54,S,MUMBRA,12:59
CSMT,TITWALA,11:54,S,DIVA JN,13:03
CSMT,TITWALA,11:54,S,KOPAR,13:08
CSMT,TITWALA,11:54,S,DOMBIVLI,13:11
CSMT,TITWALA,11:54,S,THAKURLI,13:15
CSMT,TITWALA,11:54,S,KALYAN,13:22
CSMT,TITWALA,11:54,S,SHAHAD,13:26
CSMT,TITWALA,11:54,S,AMBIVLI,13:29
CSMT,TITWALA,11:54,S,TITWALA,13:35
CSMT,AMBERNATH,11:59,S,CSMT,11:59
CSMT,AMBERNATH,11:59,S,MASJID,12:02
CSMT,AMBERNATH,11:59,S,SANDHURST ROAD,12:04
CSMT,AMBERNATH,11:59,S,BYCULLA,12:07
CSMT,AMBERNATH,11:59,S,CHINCHPOKLI,12:09
CSMT,AMBERNATH,11:59,S,CURREY ROAD,12:11
CSMT,AMBERNATH,11:59,S,PAREL,12:14
CSMT,AMBERNATH,11:59,S,DADAR,12:17
CSMT,AMBERNATH,11:59,S,MATUNGA,12:20
CSMT,AMBERNATH,11:59,S,SION,12:23
CSMT,AMBERNATH,11:59,S,KURLA,12:27
CSMT,AMBERNATH,11:59,S,VIDYAVIHAR,12:30
CSMT,AMBERNATH,11:59,S,GHATKOPAR,12:33
CSMT,AMBERNATH,11:59,S,VIKHROLI,12:37
CSMT,AMBERNATH,11:59,S,KANJUR MARG,12:40
CSMT,AMBERNATH,11:59,S,BHANDUP,12:43
CSMT,AMBERNATH,11:59,S,NAHUR,12:46
CSMT,AMBERNATH,11:59,S,MULUND,12:49
CSMT,AMBERNATH,11:59,S,THANE,12:54
CSMT,AMBERNATH,11:59,S,KALVA,12:58
CSMT,AMBERNATH,11:59,S,MUMBRA,13:04
CSMT,AMBERNATH,11:59,S,DIVA JN,13:08
CSMT,AMBERNATH,11:59,S,KOPAR,13:13
CSMT,AMBERNATH,11:59,S,DOMBIVLI,13:16
CSMT,AMBERNATH,11:59,S,THAKURLI,13:20
CSMT,AMBERNATH,11:59,S,KALYAN,13:27
CSMT,AMBERNATH,11:59,S,VITHALWADI,13:31
CSMT,AMBERNATH,11:59,S,ULHAS NAGAR,13:34
CSMT,AMBERNATH,11:59,S,AMBERNATH,13:38
